# id,folder,cmd,resources,state,restart,workflow,diskspace,deps,creates,tqueued,trunning,tstop,error
2686443,"/home/niflheim/markas/TEMPO/defect-emission/tensor_networks/classical_tempo_cavity/Markov_scan","cavity_run.py",8:5h,queued,0,0,0,"","","2020-07-16 23:20:27","1970-01-01 01:00:00","1970-01-01 01:00:00",""
2686444,"/home/niflheim/markas/TEMPO/defect-emission/tensor_networks/classical_tempo_cavity/Markov_scan","cavity_run.py",8:5h,queued,0,0,0,"","","2020-07-16 23:20:28","1970-01-01 01:00:00","1970-01-01 01:00:00",""
2686445,"/home/niflheim/markas/TEMPO/defect-emission/tensor_networks/classical_tempo_cavity/Markov_scan","cavity_run.py",8:5h,queued,0,0,0,"","","2020-07-16 23:20:30","1970-01-01 01:00:00","1970-01-01 01:00:00",""
2686446,"/home/niflheim/markas/TEMPO/defect-emission/tensor_networks/classical_tempo_cavity/Markov_scan","cavity_run.py",8:5h,queued,0,0,0,"","","2020-07-16 23:20:30","1970-01-01 01:00:00","1970-01-01 01:00:00",""
2686447,"/home/niflheim/markas/TEMPO/defect-emission/tensor_networks/classical_tempo_cavity/Markov_scan","cavity_run.py",8:5h,queued,0,0,0,"","","2020-07-16 23:20:30","1970-01-01 01:00:00","1970-01-01 01:00:00",""
2686448,"/home/niflheim/markas/TEMPO/defect-emission/tensor_networks/classical_tempo_cavity/Markov_scan","cavity_run.py",8:5h,queued,0,0,0,"","","2020-07-16 23:20:31","1970-01-01 01:00:00","1970-01-01 01:00:00",""
2686449,"/home/niflheim/markas/TEMPO/defect-emission/tensor_networks/classical_tempo_cavity/Markov_scan","cavity_run.py",8:5h,queued,0,0,0,"","","2020-07-16 23:20:31","1970-01-01 01:00:00","1970-01-01 01:00:00",""
2686450,"/home/niflheim/markas/TEMPO/defect-emission/tensor_networks/classical_tempo_cavity/Markov_scan","cavity_run.py",8:5h,queued,0,0,0,"","","2020-07-16 23:20:31","1970-01-01 01:00:00","1970-01-01 01:00:00",""
2686451,"/home/niflheim/markas/TEMPO/defect-emission/tensor_networks/classical_tempo_cavity/Markov_scan","cavity_run.py",8:5h,queued,0,0,0,"","","2020-07-16 23:20:32","1970-01-01 01:00:00","1970-01-01 01:00:00",""
2686452,"/home/niflheim/markas/TEMPO/defect-emission/tensor_networks/classical_tempo_cavity/Markov_scan","cavity_run.py",8:5h,queued,0,0,0,"","","2020-07-16 23:20:32","1970-01-01 01:00:00","1970-01-01 01:00:00",""
2686453,"/home/niflheim/markas/TEMPO/defect-emission/tensor_networks/classical_tempo_cavity/Markov_scan","cavity_run.py",8:5h,queued,0,0,0,"","","2020-07-16 23:20:32","1970-01-01 01:00:00","1970-01-01 01:00:00",""
2686454,"/home/niflheim/markas/TEMPO/defect-emission/tensor_networks/classical_tempo_cavity/Markov_scan","cavity_run.py",8:5h,queued,0,0,0,"","","2020-07-16 23:20:33","1970-01-01 01:00:00","1970-01-01 01:00:00",""
2686455,"/home/niflheim/markas/TEMPO/defect-emission/tensor_networks/classical_tempo_cavity/Markov_scan","cavity_run.py",8:5h,queued,0,0,0,"","","2020-07-16 23:20:33","1970-01-01 01:00:00","1970-01-01 01:00:00",""
2686456,"/home/niflheim/markas/TEMPO/defect-emission/tensor_networks/classical_tempo_cavity/Markov_scan","cavity_run.py",8:5h,queued,0,0,0,"","","2020-07-16 23:20:33","1970-01-01 01:00:00","1970-01-01 01:00:00",""
2686457,"/home/niflheim/markas/TEMPO/defect-emission/tensor_networks/classical_tempo_cavity/Markov_scan","cavity_run.py",8:5h,queued,0,0,0,"","","2020-07-16 23:20:34","1970-01-01 01:00:00","1970-01-01 01:00:00",""
2686458,"/home/niflheim/markas/TEMPO/defect-emission/tensor_networks/classical_tempo_cavity/Markov_scan","cavity_run.py",8:5h,queued,0,0,0,"","","2020-07-16 23:20:34","1970-01-01 01:00:00","1970-01-01 01:00:00",""
2686459,"/home/niflheim/markas/TEMPO/defect-emission/tensor_networks/classical_tempo_cavity/Markov_scan","cavity_run.py",8:5h,queued,0,0,0,"","","2020-07-16 23:20:35","1970-01-01 01:00:00","1970-01-01 01:00:00",""
2686460,"/home/niflheim/markas/TEMPO/defect-emission/tensor_networks/classical_tempo_cavity/Markov_scan","cavity_run.py",8:5h,queued,0,0,0,"","","2020-07-16 23:20:35","1970-01-01 01:00:00","1970-01-01 01:00:00",""
2686461,"/home/niflheim/markas/TEMPO/defect-emission/tensor_networks/classical_tempo_cavity/Markov_scan","cavity_run.py",8:5h,queued,0,0,0,"","","2020-07-16 23:20:35","1970-01-01 01:00:00","1970-01-01 01:00:00",""
2686462,"/home/niflheim/markas/TEMPO/defect-emission/tensor_networks/classical_tempo_cavity/Markov_scan","cavity_run.py",8:5h,queued,0,0,0,"","","2020-07-16 23:20:35","1970-01-01 01:00:00","1970-01-01 01:00:00",""
2686463,"/home/niflheim/markas/TEMPO/defect-emission/tensor_networks/classical_tempo_cavity/Markov_scan","cavity_run.py",8:5h,queued,0,0,0,"","","2020-07-16 23:20:36","1970-01-01 01:00:00","1970-01-01 01:00:00",""
2686464,"/home/niflheim/markas/TEMPO/defect-emission/tensor_networks/classical_tempo_cavity/Markov_scan","cavity_run.py",8:5h,queued,0,0,0,"","","2020-07-16 23:20:36","1970-01-01 01:00:00","1970-01-01 01:00:00",""
2686465,"/home/niflheim/markas/TEMPO/defect-emission/tensor_networks/classical_tempo_cavity/Markov_scan","cavity_run.py",8:5h,queued,0,0,0,"","","2020-07-16 23:20:37","1970-01-01 01:00:00","1970-01-01 01:00:00",""
2686466,"/home/niflheim/markas/TEMPO/defect-emission/tensor_networks/classical_tempo_cavity/Markov_scan","cavity_run.py",8:5h,queued,0,0,0,"","","2020-07-16 23:20:37","1970-01-01 01:00:00","1970-01-01 01:00:00",""
2686467,"/home/niflheim/markas/TEMPO/defect-emission/tensor_networks/classical_tempo_cavity/Markov_scan","cavity_run.py",8:5h,queued,0,0,0,"","","2020-07-16 23:20:37","1970-01-01 01:00:00","1970-01-01 01:00:00",""
2686468,"/home/niflheim/markas/TEMPO/defect-emission/tensor_networks/classical_tempo_cavity/Markov_scan","cavity_run.py",8:5h,queued,0,0,0,"","","2020-07-16 23:20:37","1970-01-01 01:00:00","1970-01-01 01:00:00",""
2686469,"/home/niflheim/markas/TEMPO/defect-emission/tensor_networks/classical_tempo_cavity/Markov_scan","cavity_run.py",8:5h,queued,0,0,0,"","","2020-07-16 23:20:38","1970-01-01 01:00:00","1970-01-01 01:00:00",""
2686470,"/home/niflheim/markas/TEMPO/defect-emission/tensor_networks/classical_tempo_cavity/Markov_scan","cavity_run.py",8:5h,queued,0,0,0,"","","2020-07-16 23:20:38","1970-01-01 01:00:00","1970-01-01 01:00:00",""
2686471,"/home/niflheim/markas/TEMPO/defect-emission/tensor_networks/classical_tempo_cavity/Markov_scan","cavity_run.py",8:5h,queued,0,0,0,"","","2020-07-16 23:20:38","1970-01-01 01:00:00","1970-01-01 01:00:00",""
2686472,"/home/niflheim/markas/TEMPO/defect-emission/tensor_networks/classical_tempo_cavity/Markov_scan","cavity_run.py",8:5h,queued,0,0,0,"","","2020-07-16 23:20:39","1970-01-01 01:00:00","1970-01-01 01:00:00",""
2686473,"/home/niflheim/markas/TEMPO/defect-emission/tensor_networks/classical_tempo_cavity/Markov_scan","cavity_run.py",8:5h,queued,0,0,0,"","","2020-07-16 23:20:39","1970-01-01 01:00:00","1970-01-01 01:00:00",""
2686474,"/home/niflheim/markas/TEMPO/defect-emission/tensor_networks/classical_tempo_cavity/Markov_scan","cavity_run.py",8:5h,queued,0,0,0,"","","2020-07-16 23:20:39","1970-01-01 01:00:00","1970-01-01 01:00:00",""
2686475,"/home/niflheim/markas/TEMPO/defect-emission/tensor_networks/classical_tempo_cavity/Markov_scan","cavity_run.py",8:5h,queued,0,0,0,"","","2020-07-16 23:20:40","1970-01-01 01:00:00","1970-01-01 01:00:00",""
2686476,"/home/niflheim/markas/TEMPO/defect-emission/tensor_networks/classical_tempo_cavity/Markov_scan","cavity_run.py",8:5h,queued,0,0,0,"","","2020-07-16 23:20:40","1970-01-01 01:00:00","1970-01-01 01:00:00",""
2686477,"/home/niflheim/markas/TEMPO/defect-emission/tensor_networks/classical_tempo_cavity/Markov_scan","cavity_run.py",8:5h,queued,0,0,0,"","","2020-07-16 23:20:40","1970-01-01 01:00:00","1970-01-01 01:00:00",""
2686478,"/home/niflheim/markas/TEMPO/defect-emission/tensor_networks/classical_tempo_cavity/Markov_scan","cavity_run.py",8:5h,queued,0,0,0,"","","2020-07-16 23:20:41","1970-01-01 01:00:00","1970-01-01 01:00:00",""
2686479,"/home/niflheim/markas/TEMPO/defect-emission/tensor_networks/classical_tempo_cavity/Markov_scan","cavity_run.py",8:5h,queued,0,0,0,"","","2020-07-16 23:20:41","1970-01-01 01:00:00","1970-01-01 01:00:00",""
2686480,"/home/niflheim/markas/TEMPO/defect-emission/tensor_networks/classical_tempo_cavity/Markov_scan","cavity_run.py",8:5h,queued,0,0,0,"","","2020-07-16 23:20:41","1970-01-01 01:00:00","1970-01-01 01:00:00",""
2686481,"/home/niflheim/markas/TEMPO/defect-emission/tensor_networks/classical_tempo_cavity/Markov_scan","cavity_run.py",8:5h,queued,0,0,0,"","","2020-07-16 23:20:42","1970-01-01 01:00:00","1970-01-01 01:00:00",""
2686482,"/home/niflheim/markas/TEMPO/defect-emission/tensor_networks/classical_tempo_cavity/Markov_scan","cavity_run.py",8:5h,queued,0,0,0,"","","2020-07-16 23:20:42","1970-01-01 01:00:00","1970-01-01 01:00:00",""
2686483,"/home/niflheim/markas/TEMPO/defect-emission/tensor_networks/classical_tempo_cavity/Markov_scan","cavity_run.py",8:5h,queued,0,0,0,"","","2020-07-16 23:20:42","1970-01-01 01:00:00","1970-01-01 01:00:00",""
2686484,"/home/niflheim/markas/TEMPO/defect-emission/tensor_networks/classical_tempo_cavity/Markov_scan","cavity_run.py",8:5h,queued,0,0,0,"","","2020-07-16 23:20:43","1970-01-01 01:00:00","1970-01-01 01:00:00",""
2686443,"/home/niflheim/markas/TEMPO/defect-emission/tensor_networks/classical_tempo_cavity/Markov_scan","cavity_run.py",8:5h,FAILED,0,0,0,"","","2020-07-16 23:20:27","2020-07-16 23:24:32","2020-07-16 23:24:33","ModuleNotFoundError: No module named 'gpaw'"
2686444,"/home/niflheim/markas/TEMPO/defect-emission/tensor_networks/classical_tempo_cavity/Markov_scan","cavity_run.py",8:5h,FAILED,0,0,0,"","","2020-07-16 23:20:28","2020-07-16 23:30:31","2020-07-16 23:30:32","ModuleNotFoundError: No module named 'gpaw'"
2686446,"/home/niflheim/markas/TEMPO/defect-emission/tensor_networks/classical_tempo_cavity/Markov_scan","cavity_run.py",8:5h,FAILED,0,0,0,"","","2020-07-16 23:20:30","2020-07-16 23:34:31","2020-07-16 23:34:31","ModuleNotFoundError: No module named 'gpaw'"
2686445,"/home/niflheim/markas/TEMPO/defect-emission/tensor_networks/classical_tempo_cavity/Markov_scan","cavity_run.py",8:5h,FAILED,0,0,0,"","","2020-07-16 23:20:30","2020-07-16 23:33:32","2020-07-16 23:33:32","ModuleNotFoundError: No module named 'gpaw'"
2686447,"/home/niflheim/markas/TEMPO/defect-emission/tensor_networks/classical_tempo_cavity/Markov_scan","cavity_run.py",8:5h,FAILED,0,0,0,"","","2020-07-16 23:20:30","2020-07-16 23:37:32","2020-07-16 23:37:32","ModuleNotFoundError: No module named 'gpaw'"
2686450,"/home/niflheim/markas/TEMPO/defect-emission/tensor_networks/classical_tempo_cavity/Markov_scan","cavity_run.py",8:5h,FAILED,0,0,0,"","","2020-07-16 23:20:31","2020-07-16 23:46:31","2020-07-16 23:46:31","ModuleNotFoundError: No module named 'gpaw'"
2686448,"/home/niflheim/markas/TEMPO/defect-emission/tensor_networks/classical_tempo_cavity/Markov_scan","cavity_run.py",8:5h,FAILED,0,0,0,"","","2020-07-16 23:20:31","2020-07-16 23:38:32","2020-07-16 23:38:32","ModuleNotFoundError: No module named 'gpaw'"
2686449,"/home/niflheim/markas/TEMPO/defect-emission/tensor_networks/classical_tempo_cavity/Markov_scan","cavity_run.py",8:5h,FAILED,0,0,0,"","","2020-07-16 23:20:31","2020-07-16 23:45:31","2020-07-16 23:45:32","ModuleNotFoundError: No module named 'gpaw'"
2686451,"/home/niflheim/markas/TEMPO/defect-emission/tensor_networks/classical_tempo_cavity/Markov_scan","cavity_run.py",8:5h,FAILED,0,0,0,"","","2020-07-16 23:20:32","2020-07-17 00:00:31","2020-07-17 00:00:32","ModuleNotFoundError: No module named 'gpaw'"
2686457,"/home/niflheim/markas/TEMPO/defect-emission/tensor_networks/classical_tempo_cavity/Markov_scan","cavity_run.py",8:5h,FAILED,0,0,0,"","","2020-07-16 23:20:34","2020-07-17 01:27:32","2020-07-17 01:27:32","ModuleNotFoundError: No module named 'gpaw'"
2686454,"/home/niflheim/markas/TEMPO/defect-emission/tensor_networks/classical_tempo_cavity/Markov_scan","cavity_run.py",8:5h,FAILED,0,0,0,"","","2020-07-16 23:20:33","2020-07-17 01:23:31","2020-07-17 01:23:31","ModuleNotFoundError: No module named 'gpaw'"
2686455,"/home/niflheim/markas/TEMPO/defect-emission/tensor_networks/classical_tempo_cavity/Markov_scan","cavity_run.py",8:5h,FAILED,0,0,0,"","","2020-07-16 23:20:33","2020-07-17 01:23:31","2020-07-17 01:23:32","ModuleNotFoundError: No module named 'gpaw'"
2686452,"/home/niflheim/markas/TEMPO/defect-emission/tensor_networks/classical_tempo_cavity/Markov_scan","cavity_run.py",8:5h,FAILED,0,0,0,"","","2020-07-16 23:20:32","2020-07-17 01:21:32","2020-07-17 01:21:32","ModuleNotFoundError: No module named 'gpaw'"
2686458,"/home/niflheim/markas/TEMPO/defect-emission/tensor_networks/classical_tempo_cavity/Markov_scan","cavity_run.py",8:5h,FAILED,0,0,0,"","","2020-07-16 23:20:34","2020-07-17 01:27:31","2020-07-17 01:27:31","ModuleNotFoundError: No module named 'gpaw'"
2686453,"/home/niflheim/markas/TEMPO/defect-emission/tensor_networks/classical_tempo_cavity/Markov_scan","cavity_run.py",8:5h,FAILED,0,0,0,"","","2020-07-16 23:20:32","2020-07-17 01:22:31","2020-07-17 01:22:31","ModuleNotFoundError: No module named 'gpaw'"
2686456,"/home/niflheim/markas/TEMPO/defect-emission/tensor_networks/classical_tempo_cavity/Markov_scan","cavity_run.py",8:5h,FAILED,0,0,0,"","","2020-07-16 23:20:33","2020-07-17 01:26:31","2020-07-17 01:26:31","ModuleNotFoundError: No module named 'gpaw'"
2686460,"/home/niflheim/markas/TEMPO/defect-emission/tensor_networks/classical_tempo_cavity/Markov_scan","cavity_run.py",8:5h,FAILED,0,0,0,"","","2020-07-16 23:20:35","2020-07-17 01:31:31","2020-07-17 01:31:32","ModuleNotFoundError: No module named 'gpaw'"
2686459,"/home/niflheim/markas/TEMPO/defect-emission/tensor_networks/classical_tempo_cavity/Markov_scan","cavity_run.py",8:5h,FAILED,0,0,0,"","","2020-07-16 23:20:35","2020-07-17 01:30:31","2020-07-17 01:30:32","ModuleNotFoundError: No module named 'gpaw'"
2686464,"/home/niflheim/markas/TEMPO/defect-emission/tensor_networks/classical_tempo_cavity/Markov_scan","cavity_run.py",8:5h,FAILED,0,0,0,"","","2020-07-16 23:20:36","2020-07-17 01:56:31","2020-07-17 01:56:32","ModuleNotFoundError: No module named 'gpaw'"
2686461,"/home/niflheim/markas/TEMPO/defect-emission/tensor_networks/classical_tempo_cavity/Markov_scan","cavity_run.py",8:5h,FAILED,0,0,0,"","","2020-07-16 23:20:35","2020-07-17 01:51:31","2020-07-17 01:51:32","ModuleNotFoundError: No module named 'gpaw'"
2686465,"/home/niflheim/markas/TEMPO/defect-emission/tensor_networks/classical_tempo_cavity/Markov_scan","cavity_run.py",8:5h,FAILED,0,0,0,"","","2020-07-16 23:20:37","2020-07-17 01:57:31","2020-07-17 01:57:31","ModuleNotFoundError: No module named 'gpaw'"
2686462,"/home/niflheim/markas/TEMPO/defect-emission/tensor_networks/classical_tempo_cavity/Markov_scan","cavity_run.py",8:5h,FAILED,0,0,0,"","","2020-07-16 23:20:35","2020-07-17 01:52:30","2020-07-17 01:52:30","ModuleNotFoundError: No module named 'gpaw'"
2686463,"/home/niflheim/markas/TEMPO/defect-emission/tensor_networks/classical_tempo_cavity/Markov_scan","cavity_run.py",8:5h,FAILED,0,0,0,"","","2020-07-16 23:20:36","2020-07-17 01:53:31","2020-07-17 01:53:32","ModuleNotFoundError: No module named 'gpaw'"
2686472,"/home/niflheim/markas/TEMPO/defect-emission/tensor_networks/classical_tempo_cavity/Markov_scan","cavity_run.py",8:5h,FAILED,0,0,0,"","","2020-07-16 23:20:39","2020-07-17 02:01:31","2020-07-17 02:01:31","ModuleNotFoundError: No module named 'gpaw'"
2686467,"/home/niflheim/markas/TEMPO/defect-emission/tensor_networks/classical_tempo_cavity/Markov_scan","cavity_run.py",8:5h,FAILED,0,0,0,"","","2020-07-16 23:20:37","2020-07-17 01:58:31","2020-07-17 01:58:31","ModuleNotFoundError: No module named 'gpaw'"
2686466,"/home/niflheim/markas/TEMPO/defect-emission/tensor_networks/classical_tempo_cavity/Markov_scan","cavity_run.py",8:5h,FAILED,0,0,0,"","","2020-07-16 23:20:37","2020-07-17 01:58:31","2020-07-17 01:58:32","ModuleNotFoundError: No module named 'gpaw'"
2686470,"/home/niflheim/markas/TEMPO/defect-emission/tensor_networks/classical_tempo_cavity/Markov_scan","cavity_run.py",8:5h,FAILED,0,0,0,"","","2020-07-16 23:20:38","2020-07-17 02:00:31","2020-07-17 02:00:31","ModuleNotFoundError: No module named 'gpaw'"
2686468,"/home/niflheim/markas/TEMPO/defect-emission/tensor_networks/classical_tempo_cavity/Markov_scan","cavity_run.py",8:5h,FAILED,0,0,0,"","","2020-07-16 23:20:37","2020-07-17 01:59:31","2020-07-17 01:59:31","ModuleNotFoundError: No module named 'gpaw'"
2686471,"/home/niflheim/markas/TEMPO/defect-emission/tensor_networks/classical_tempo_cavity/Markov_scan","cavity_run.py",8:5h,FAILED,0,0,0,"","","2020-07-16 23:20:38","2020-07-17 02:01:31","2020-07-17 02:01:32","ModuleNotFoundError: No module named 'gpaw'"
2686469,"/home/niflheim/markas/TEMPO/defect-emission/tensor_networks/classical_tempo_cavity/Markov_scan","cavity_run.py",8:5h,FAILED,0,0,0,"","","2020-07-16 23:20:38","2020-07-17 01:59:31","2020-07-17 01:59:31","ModuleNotFoundError: No module named 'gpaw'"
2686474,"/home/niflheim/markas/TEMPO/defect-emission/tensor_networks/classical_tempo_cavity/Markov_scan","cavity_run.py",8:5h,FAILED,0,0,0,"","","2020-07-16 23:20:39","2020-07-17 02:08:31","2020-07-17 02:08:32","ModuleNotFoundError: No module named 'gpaw'"
2686475,"/home/niflheim/markas/TEMPO/defect-emission/tensor_networks/classical_tempo_cavity/Markov_scan","cavity_run.py",8:5h,FAILED,0,0,0,"","","2020-07-16 23:20:40","2020-07-17 02:09:31","2020-07-17 02:09:31","ModuleNotFoundError: No module named 'gpaw'"
2686478,"/home/niflheim/markas/TEMPO/defect-emission/tensor_networks/classical_tempo_cavity/Markov_scan","cavity_run.py",8:5h,FAILED,0,0,0,"","","2020-07-16 23:20:41","2020-07-17 02:09:31","2020-07-17 02:09:32","ModuleNotFoundError: No module named 'gpaw'"
2686476,"/home/niflheim/markas/TEMPO/defect-emission/tensor_networks/classical_tempo_cavity/Markov_scan","cavity_run.py",8:5h,FAILED,0,0,0,"","","2020-07-16 23:20:40","2020-07-17 02:09:31","2020-07-17 02:09:32","ModuleNotFoundError: No module named 'gpaw'"
2686473,"/home/niflheim/markas/TEMPO/defect-emission/tensor_networks/classical_tempo_cavity/Markov_scan","cavity_run.py",8:5h,FAILED,0,0,0,"","","2020-07-16 23:20:39","2020-07-17 02:08:31","2020-07-17 02:08:32","ModuleNotFoundError: No module named 'gpaw'"
2686479,"/home/niflheim/markas/TEMPO/defect-emission/tensor_networks/classical_tempo_cavity/Markov_scan","cavity_run.py",8:5h,FAILED,0,0,0,"","","2020-07-16 23:20:41","2020-07-17 02:09:32","2020-07-17 02:09:32","ModuleNotFoundError: No module named 'gpaw'"
2686477,"/home/niflheim/markas/TEMPO/defect-emission/tensor_networks/classical_tempo_cavity/Markov_scan","cavity_run.py",8:5h,FAILED,0,0,0,"","","2020-07-16 23:20:40","2020-07-17 02:09:31","2020-07-17 02:09:31","ModuleNotFoundError: No module named 'gpaw'"
2686482,"/home/niflheim/markas/TEMPO/defect-emission/tensor_networks/classical_tempo_cavity/Markov_scan","cavity_run.py",8:5h,FAILED,0,0,0,"","","2020-07-16 23:20:42","2020-07-17 02:21:32","2020-07-17 02:21:33","ModuleNotFoundError: No module named 'gpaw'"
2686480,"/home/niflheim/markas/TEMPO/defect-emission/tensor_networks/classical_tempo_cavity/Markov_scan","cavity_run.py",8:5h,FAILED,0,0,0,"","","2020-07-16 23:20:41","2020-07-17 02:19:32","2020-07-17 02:19:32","ModuleNotFoundError: No module named 'gpaw'"
2686483,"/home/niflheim/markas/TEMPO/defect-emission/tensor_networks/classical_tempo_cavity/Markov_scan","cavity_run.py",8:5h,FAILED,0,0,0,"","","2020-07-16 23:20:42","2020-07-17 02:21:34","2020-07-17 02:21:35","ModuleNotFoundError: No module named 'gpaw'"
2686484,"/home/niflheim/markas/TEMPO/defect-emission/tensor_networks/classical_tempo_cavity/Markov_scan","cavity_run.py",8:5h,FAILED,0,0,0,"","","2020-07-16 23:20:43","2020-07-17 02:21:35","2020-07-17 02:21:36","ModuleNotFoundError: No module named 'gpaw'"
2686481,"/home/niflheim/markas/TEMPO/defect-emission/tensor_networks/classical_tempo_cavity/Markov_scan","cavity_run.py",8:5h,FAILED,0,0,0,"","","2020-07-16 23:20:42","2020-07-17 02:20:31","2020-07-17 02:20:32","ModuleNotFoundError: No module named 'gpaw'"
2686443,"/home/niflheim/markas/TEMPO/defect-emission/tensor_networks/classical_tempo_cavity/Markov_scan","cavity_run.py",8:5h,FAILED,0,0,0,"","","2020-07-16 23:20:27","2020-07-16 23:24:32","2020-07-16 23:24:33","ModuleNotFoundError: No module named 'gpaw'"
2686467,"/home/niflheim/markas/TEMPO/defect-emission/tensor_networks/classical_tempo_cavity/Markov_scan","cavity_run.py",8:5h,FAILED,0,0,0,"","","2020-07-16 23:20:37","2020-07-17 01:58:31","2020-07-17 01:58:31","ModuleNotFoundError: No module named 'gpaw'"
2686455,"/home/niflheim/markas/TEMPO/defect-emission/tensor_networks/classical_tempo_cavity/Markov_scan","cavity_run.py",8:5h,FAILED,0,0,0,"","","2020-07-16 23:20:33","2020-07-17 01:23:31","2020-07-17 01:23:32","ModuleNotFoundError: No module named 'gpaw'"
2686479,"/home/niflheim/markas/TEMPO/defect-emission/tensor_networks/classical_tempo_cavity/Markov_scan","cavity_run.py",8:5h,FAILED,0,0,0,"","","2020-07-16 23:20:41","2020-07-17 02:09:32","2020-07-17 02:09:32","ModuleNotFoundError: No module named 'gpaw'"
2686444,"/home/niflheim/markas/TEMPO/defect-emission/tensor_networks/classical_tempo_cavity/Markov_scan","cavity_run.py",8:5h,FAILED,0,0,0,"","","2020-07-16 23:20:28","2020-07-16 23:30:31","2020-07-16 23:30:32","ModuleNotFoundError: No module named 'gpaw'"
2686468,"/home/niflheim/markas/TEMPO/defect-emission/tensor_networks/classical_tempo_cavity/Markov_scan","cavity_run.py",8:5h,FAILED,0,0,0,"","","2020-07-16 23:20:37","2020-07-17 01:59:31","2020-07-17 01:59:31","ModuleNotFoundError: No module named 'gpaw'"
2686456,"/home/niflheim/markas/TEMPO/defect-emission/tensor_networks/classical_tempo_cavity/Markov_scan","cavity_run.py",8:5h,FAILED,0,0,0,"","","2020-07-16 23:20:33","2020-07-17 01:26:31","2020-07-17 01:26:31","ModuleNotFoundError: No module named 'gpaw'"
2686480,"/home/niflheim/markas/TEMPO/defect-emission/tensor_networks/classical_tempo_cavity/Markov_scan","cavity_run.py",8:5h,FAILED,0,0,0,"","","2020-07-16 23:20:41","2020-07-17 02:19:32","2020-07-17 02:19:32","ModuleNotFoundError: No module named 'gpaw'"
2686478,"/home/niflheim/markas/TEMPO/defect-emission/tensor_networks/classical_tempo_cavity/Markov_scan","cavity_run.py",8:5h,FAILED,0,0,0,"","","2020-07-16 23:20:41","2020-07-17 02:09:31","2020-07-17 02:09:32","ModuleNotFoundError: No module named 'gpaw'"
2686445,"/home/niflheim/markas/TEMPO/defect-emission/tensor_networks/classical_tempo_cavity/Markov_scan","cavity_run.py",8:5h,FAILED,0,0,0,"","","2020-07-16 23:20:30","2020-07-16 23:33:32","2020-07-16 23:33:32","ModuleNotFoundError: No module named 'gpaw'"
2686469,"/home/niflheim/markas/TEMPO/defect-emission/tensor_networks/classical_tempo_cavity/Markov_scan","cavity_run.py",8:5h,FAILED,0,0,0,"","","2020-07-16 23:20:38","2020-07-17 01:59:31","2020-07-17 01:59:31","ModuleNotFoundError: No module named 'gpaw'"
2686457,"/home/niflheim/markas/TEMPO/defect-emission/tensor_networks/classical_tempo_cavity/Markov_scan","cavity_run.py",8:5h,FAILED,0,0,0,"","","2020-07-16 23:20:34","2020-07-17 01:27:32","2020-07-17 01:27:32","ModuleNotFoundError: No module named 'gpaw'"
2686481,"/home/niflheim/markas/TEMPO/defect-emission/tensor_networks/classical_tempo_cavity/Markov_scan","cavity_run.py",8:5h,FAILED,0,0,0,"","","2020-07-16 23:20:42","2020-07-17 02:20:31","2020-07-17 02:20:32","ModuleNotFoundError: No module named 'gpaw'"
2686446,"/home/niflheim/markas/TEMPO/defect-emission/tensor_networks/classical_tempo_cavity/Markov_scan","cavity_run.py",8:5h,FAILED,0,0,0,"","","2020-07-16 23:20:30","2020-07-16 23:34:31","2020-07-16 23:34:31","ModuleNotFoundError: No module named 'gpaw'"
2686470,"/home/niflheim/markas/TEMPO/defect-emission/tensor_networks/classical_tempo_cavity/Markov_scan","cavity_run.py",8:5h,FAILED,0,0,0,"","","2020-07-16 23:20:38","2020-07-17 02:00:31","2020-07-17 02:00:31","ModuleNotFoundError: No module named 'gpaw'"
2686458,"/home/niflheim/markas/TEMPO/defect-emission/tensor_networks/classical_tempo_cavity/Markov_scan","cavity_run.py",8:5h,FAILED,0,0,0,"","","2020-07-16 23:20:34","2020-07-17 01:27:31","2020-07-17 01:27:31","ModuleNotFoundError: No module named 'gpaw'"
2686482,"/home/niflheim/markas/TEMPO/defect-emission/tensor_networks/classical_tempo_cavity/Markov_scan","cavity_run.py",8:5h,FAILED,0,0,0,"","","2020-07-16 23:20:42","2020-07-17 02:21:32","2020-07-17 02:21:33","ModuleNotFoundError: No module named 'gpaw'"
2686447,"/home/niflheim/markas/TEMPO/defect-emission/tensor_networks/classical_tempo_cavity/Markov_scan","cavity_run.py",8:5h,FAILED,0,0,0,"","","2020-07-16 23:20:30","2020-07-16 23:37:32","2020-07-16 23:37:32","ModuleNotFoundError: No module named 'gpaw'"
2686471,"/home/niflheim/markas/TEMPO/defect-emission/tensor_networks/classical_tempo_cavity/Markov_scan","cavity_run.py",8:5h,FAILED,0,0,0,"","","2020-07-16 23:20:38","2020-07-17 02:01:31","2020-07-17 02:01:32","ModuleNotFoundError: No module named 'gpaw'"
2686459,"/home/niflheim/markas/TEMPO/defect-emission/tensor_networks/classical_tempo_cavity/Markov_scan","cavity_run.py",8:5h,FAILED,0,0,0,"","","2020-07-16 23:20:35","2020-07-17 01:30:31","2020-07-17 01:30:32","ModuleNotFoundError: No module named 'gpaw'"
2686483,"/home/niflheim/markas/TEMPO/defect-emission/tensor_networks/classical_tempo_cavity/Markov_scan","cavity_run.py",8:5h,FAILED,0,0,0,"","","2020-07-16 23:20:42","2020-07-17 02:21:34","2020-07-17 02:21:35","ModuleNotFoundError: No module named 'gpaw'"
2686448,"/home/niflheim/markas/TEMPO/defect-emission/tensor_networks/classical_tempo_cavity/Markov_scan","cavity_run.py",8:5h,FAILED,0,0,0,"","","2020-07-16 23:20:31","2020-07-16 23:38:32","2020-07-16 23:38:32","ModuleNotFoundError: No module named 'gpaw'"
2686472,"/home/niflheim/markas/TEMPO/defect-emission/tensor_networks/classical_tempo_cavity/Markov_scan","cavity_run.py",8:5h,FAILED,0,0,0,"","","2020-07-16 23:20:39","2020-07-17 02:01:31","2020-07-17 02:01:31","ModuleNotFoundError: No module named 'gpaw'"
2686460,"/home/niflheim/markas/TEMPO/defect-emission/tensor_networks/classical_tempo_cavity/Markov_scan","cavity_run.py",8:5h,FAILED,0,0,0,"","","2020-07-16 23:20:35","2020-07-17 01:31:31","2020-07-17 01:31:32","ModuleNotFoundError: No module named 'gpaw'"
2686484,"/home/niflheim/markas/TEMPO/defect-emission/tensor_networks/classical_tempo_cavity/Markov_scan","cavity_run.py",8:5h,FAILED,0,0,0,"","","2020-07-16 23:20:43","2020-07-17 02:21:35","2020-07-17 02:21:36","ModuleNotFoundError: No module named 'gpaw'"
2686449,"/home/niflheim/markas/TEMPO/defect-emission/tensor_networks/classical_tempo_cavity/Markov_scan","cavity_run.py",8:5h,FAILED,0,0,0,"","","2020-07-16 23:20:31","2020-07-16 23:45:31","2020-07-16 23:45:32","ModuleNotFoundError: No module named 'gpaw'"
2686473,"/home/niflheim/markas/TEMPO/defect-emission/tensor_networks/classical_tempo_cavity/Markov_scan","cavity_run.py",8:5h,FAILED,0,0,0,"","","2020-07-16 23:20:39","2020-07-17 02:08:31","2020-07-17 02:08:32","ModuleNotFoundError: No module named 'gpaw'"
2686461,"/home/niflheim/markas/TEMPO/defect-emission/tensor_networks/classical_tempo_cavity/Markov_scan","cavity_run.py",8:5h,FAILED,0,0,0,"","","2020-07-16 23:20:35","2020-07-17 01:51:31","2020-07-17 01:51:32","ModuleNotFoundError: No module named 'gpaw'"
2686450,"/home/niflheim/markas/TEMPO/defect-emission/tensor_networks/classical_tempo_cavity/Markov_scan","cavity_run.py",8:5h,FAILED,0,0,0,"","","2020-07-16 23:20:31","2020-07-16 23:46:31","2020-07-16 23:46:31","ModuleNotFoundError: No module named 'gpaw'"
2686474,"/home/niflheim/markas/TEMPO/defect-emission/tensor_networks/classical_tempo_cavity/Markov_scan","cavity_run.py",8:5h,FAILED,0,0,0,"","","2020-07-16 23:20:39","2020-07-17 02:08:31","2020-07-17 02:08:32","ModuleNotFoundError: No module named 'gpaw'"
2686462,"/home/niflheim/markas/TEMPO/defect-emission/tensor_networks/classical_tempo_cavity/Markov_scan","cavity_run.py",8:5h,FAILED,0,0,0,"","","2020-07-16 23:20:35","2020-07-17 01:52:30","2020-07-17 01:52:30","ModuleNotFoundError: No module named 'gpaw'"
2686451,"/home/niflheim/markas/TEMPO/defect-emission/tensor_networks/classical_tempo_cavity/Markov_scan","cavity_run.py",8:5h,FAILED,0,0,0,"","","2020-07-16 23:20:32","2020-07-17 00:00:31","2020-07-17 00:00:32","ModuleNotFoundError: No module named 'gpaw'"
2686475,"/home/niflheim/markas/TEMPO/defect-emission/tensor_networks/classical_tempo_cavity/Markov_scan","cavity_run.py",8:5h,FAILED,0,0,0,"","","2020-07-16 23:20:40","2020-07-17 02:09:31","2020-07-17 02:09:31","ModuleNotFoundError: No module named 'gpaw'"
2686463,"/home/niflheim/markas/TEMPO/defect-emission/tensor_networks/classical_tempo_cavity/Markov_scan","cavity_run.py",8:5h,FAILED,0,0,0,"","","2020-07-16 23:20:36","2020-07-17 01:53:31","2020-07-17 01:53:32","ModuleNotFoundError: No module named 'gpaw'"
2686452,"/home/niflheim/markas/TEMPO/defect-emission/tensor_networks/classical_tempo_cavity/Markov_scan","cavity_run.py",8:5h,FAILED,0,0,0,"","","2020-07-16 23:20:32","2020-07-17 01:21:32","2020-07-17 01:21:32","ModuleNotFoundError: No module named 'gpaw'"
2686476,"/home/niflheim/markas/TEMPO/defect-emission/tensor_networks/classical_tempo_cavity/Markov_scan","cavity_run.py",8:5h,FAILED,0,0,0,"","","2020-07-16 23:20:40","2020-07-17 02:09:31","2020-07-17 02:09:32","ModuleNotFoundError: No module named 'gpaw'"
2686464,"/home/niflheim/markas/TEMPO/defect-emission/tensor_networks/classical_tempo_cavity/Markov_scan","cavity_run.py",8:5h,FAILED,0,0,0,"","","2020-07-16 23:20:36","2020-07-17 01:56:31","2020-07-17 01:56:32","ModuleNotFoundError: No module named 'gpaw'"
2686453,"/home/niflheim/markas/TEMPO/defect-emission/tensor_networks/classical_tempo_cavity/Markov_scan","cavity_run.py",8:5h,FAILED,0,0,0,"","","2020-07-16 23:20:32","2020-07-17 01:22:31","2020-07-17 01:22:31","ModuleNotFoundError: No module named 'gpaw'"
2686477,"/home/niflheim/markas/TEMPO/defect-emission/tensor_networks/classical_tempo_cavity/Markov_scan","cavity_run.py",8:5h,FAILED,0,0,0,"","","2020-07-16 23:20:40","2020-07-17 02:09:31","2020-07-17 02:09:31","ModuleNotFoundError: No module named 'gpaw'"
2686465,"/home/niflheim/markas/TEMPO/defect-emission/tensor_networks/classical_tempo_cavity/Markov_scan","cavity_run.py",8:5h,FAILED,0,0,0,"","","2020-07-16 23:20:37","2020-07-17 01:57:31","2020-07-17 01:57:31","ModuleNotFoundError: No module named 'gpaw'"
2686454,"/home/niflheim/markas/TEMPO/defect-emission/tensor_networks/classical_tempo_cavity/Markov_scan","cavity_run.py",8:5h,FAILED,0,0,0,"","","2020-07-16 23:20:33","2020-07-17 01:23:31","2020-07-17 01:23:31","ModuleNotFoundError: No module named 'gpaw'"
2686466,"/home/niflheim/markas/TEMPO/defect-emission/tensor_networks/classical_tempo_cavity/Markov_scan","cavity_run.py",8:5h,FAILED,0,0,0,"","","2020-07-16 23:20:37","2020-07-17 01:58:31","2020-07-17 01:58:32","ModuleNotFoundError: No module named 'gpaw'"
2686698,"/home/niflheim/markas/TEMPO/defect-emission/tensor_networks/classical_tempo_cavity/Markov_scan/g_0.1/mem_1","cavity_run.py",8:10m,queued,0,0,0,"","","2020-07-17 10:19:37","1970-01-01 01:00:00","1970-01-01 01:00:00",""
2686698,"/home/niflheim/markas/TEMPO/defect-emission/tensor_networks/classical_tempo_cavity/Markov_scan/g_0.1/mem_1","cavity_run.py",8:10m,FAILED,0,0,0,"","","2020-07-17 10:19:37","2020-07-17 10:20:25","2020-07-17 10:20:26","ModuleNotFoundError: No module named 'gpaw'"
2686701,"/home/niflheim/markas/TEMPO/defect-emission/tensor_networks/classical_tempo_cavity/Markov_scan/g_0.1/mem_1","cavity_run.py",8:10m,queued,0,0,0,"","","2020-07-17 10:24:49","1970-01-01 01:00:00","1970-01-01 01:00:00",""
2686701,"/home/niflheim/markas/TEMPO/defect-emission/tensor_networks/classical_tempo_cavity/Markov_scan/g_0.1/mem_1","cavity_run.py",8:10m,running,0,0,0,"","","2020-07-17 10:24:49","2020-07-17 10:25:26","1970-01-01 01:00:00",""
2686701,"/home/niflheim/markas/TEMPO/defect-emission/tensor_networks/classical_tempo_cavity/Markov_scan/g_0.1/mem_1","cavity_run.py",8:10m,FAILED,0,0,0,"","","2020-07-17 10:24:49","2020-07-17 10:25:26","2020-07-17 10:25:42","rank=6 L17: ModuleNotFoundError: No module named 'pandas'"
2686705,"/home/niflheim/markas/TEMPO/defect-emission/tensor_networks/classical_tempo_cavity/Markov_scan/g_0.1/mem_1","cavity_run.py",8:10m,queued,0,0,0,"","","2020-07-17 10:32:39","1970-01-01 01:00:00","1970-01-01 01:00:00",""
2686705,"/home/niflheim/markas/TEMPO/defect-emission/tensor_networks/classical_tempo_cavity/Markov_scan/g_0.1/mem_1","cavity_run.py",8:10m,running,0,0,0,"","","2020-07-17 10:32:39","2020-07-17 10:33:25","1970-01-01 01:00:00",""
2686705,"/home/niflheim/markas/TEMPO/defect-emission/tensor_networks/classical_tempo_cavity/Markov_scan/g_0.1/mem_1","cavity_run.py",8:10m,FAILED,0,0,0,"","","2020-07-17 10:32:39","2020-07-17 10:33:25","2020-07-17 10:33:39","rank=1 L19: ModuleNotFoundError: No module named 'mpmath'"
2686708,"/home/niflheim/markas/TEMPO/defect-emission/tensor_networks/classical_tempo_cavity/Markov_scan/g_0.1/mem_1","cavity_run.py",8:10m,queued,0,0,0,"","","2020-07-17 10:35:02","1970-01-01 01:00:00","1970-01-01 01:00:00",""
2686708,"/home/niflheim/markas/TEMPO/defect-emission/tensor_networks/classical_tempo_cavity/Markov_scan/g_0.1/mem_1","cavity_run.py",8:10m,done,0,0,0,"","","2020-07-17 10:35:02","2020-07-17 10:35:25","2020-07-17 10:35:34",""
2686705,"/home/niflheim/markas/TEMPO/defect-emission/tensor_networks/classical_tempo_cavity/Markov_scan/g_0.1/mem_1","cavity_run.py",8:10m,FAILED,0,0,0,"","","2020-07-17 10:32:39","2020-07-17 10:33:25","2020-07-17 10:33:39","rank=1 L19: ModuleNotFoundError: No module named 'mpmath'"
2686701,"/home/niflheim/markas/TEMPO/defect-emission/tensor_networks/classical_tempo_cavity/Markov_scan/g_0.1/mem_1","cavity_run.py",8:10m,FAILED,0,0,0,"","","2020-07-17 10:24:49","2020-07-17 10:25:26","2020-07-17 10:25:42","rank=6 L17: ModuleNotFoundError: No module named 'pandas'"
2686698,"/home/niflheim/markas/TEMPO/defect-emission/tensor_networks/classical_tempo_cavity/Markov_scan/g_0.1/mem_1","cavity_run.py",8:10m,FAILED,0,0,0,"","","2020-07-17 10:19:37","2020-07-17 10:20:25","2020-07-17 10:20:26","ModuleNotFoundError: No module named 'gpaw'"
2686708,"/home/niflheim/markas/TEMPO/defect-emission/tensor_networks/classical_tempo_cavity/Markov_scan/g_0.1/mem_1","cavity_run.py",8:10m,done,0,0,0,"","","2020-07-17 10:35:02","2020-07-17 10:35:25","2020-07-17 10:35:34",""
2686715,"/home/niflheim/markas/TEMPO/defect-emission/tensor_networks/classical_tempo_cavity/Markov_scan/g_0.1/mem_1","cavity_run.py",8:10m,queued,0,0,0,"","","2020-07-17 10:44:49","1970-01-01 01:00:00","1970-01-01 01:00:00",""
2686716,"/home/niflheim/markas/TEMPO/defect-emission/tensor_networks/classical_tempo_cavity/Markov_scan/g_0.1/mem_5","cavity_run.py",8:10m,queued,0,0,0,"","","2020-07-17 10:44:49","1970-01-01 01:00:00","1970-01-01 01:00:00",""
2686717,"/home/niflheim/markas/TEMPO/defect-emission/tensor_networks/classical_tempo_cavity/Markov_scan/g_0.1/mem_10","cavity_run.py",8:10m,queued,0,0,0,"","","2020-07-17 10:44:49","1970-01-01 01:00:00","1970-01-01 01:00:00",""
2686718,"/home/niflheim/markas/TEMPO/defect-emission/tensor_networks/classical_tempo_cavity/Markov_scan/g_0.1/mem_30","cavity_run.py",8:10m,queued,0,0,0,"","","2020-07-17 10:44:50","1970-01-01 01:00:00","1970-01-01 01:00:00",""
2686719,"/home/niflheim/markas/TEMPO/defect-emission/tensor_networks/classical_tempo_cavity/Markov_scan/g_0.1/mem_50","cavity_run.py",8:10m,queued,0,0,0,"","","2020-07-17 10:44:50","1970-01-01 01:00:00","1970-01-01 01:00:00",""
2686720,"/home/niflheim/markas/TEMPO/defect-emission/tensor_networks/classical_tempo_cavity/Markov_scan/g_0.1/mem_70","cavity_run.py",8:10m,queued,0,0,0,"","","2020-07-17 10:44:50","1970-01-01 01:00:00","1970-01-01 01:00:00",""
2686721,"/home/niflheim/markas/TEMPO/defect-emission/tensor_networks/classical_tempo_cavity/Markov_scan/g_0.1/mem_100","cavity_run.py",8:10m,queued,0,0,0,"","","2020-07-17 10:44:51","1970-01-01 01:00:00","1970-01-01 01:00:00",""
2686722,"/home/niflheim/markas/TEMPO/defect-emission/tensor_networks/classical_tempo_cavity/Markov_scan/g_1/mem_1","cavity_run.py",8:10m,queued,0,0,0,"","","2020-07-17 10:44:51","1970-01-01 01:00:00","1970-01-01 01:00:00",""
2686723,"/home/niflheim/markas/TEMPO/defect-emission/tensor_networks/classical_tempo_cavity/Markov_scan/g_1/mem_5","cavity_run.py",8:10m,queued,0,0,0,"","","2020-07-17 10:44:52","1970-01-01 01:00:00","1970-01-01 01:00:00",""
2686724,"/home/niflheim/markas/TEMPO/defect-emission/tensor_networks/classical_tempo_cavity/Markov_scan/g_1/mem_10","cavity_run.py",8:10m,queued,0,0,0,"","","2020-07-17 10:44:52","1970-01-01 01:00:00","1970-01-01 01:00:00",""
2686725,"/home/niflheim/markas/TEMPO/defect-emission/tensor_networks/classical_tempo_cavity/Markov_scan/g_1/mem_30","cavity_run.py",8:10m,queued,0,0,0,"","","2020-07-17 10:44:52","1970-01-01 01:00:00","1970-01-01 01:00:00",""
2686726,"/home/niflheim/markas/TEMPO/defect-emission/tensor_networks/classical_tempo_cavity/Markov_scan/g_1/mem_50","cavity_run.py",8:10m,queued,0,0,0,"","","2020-07-17 10:44:53","1970-01-01 01:00:00","1970-01-01 01:00:00",""
2686727,"/home/niflheim/markas/TEMPO/defect-emission/tensor_networks/classical_tempo_cavity/Markov_scan/g_1/mem_70","cavity_run.py",8:10m,queued,0,0,0,"","","2020-07-17 10:44:53","1970-01-01 01:00:00","1970-01-01 01:00:00",""
2686728,"/home/niflheim/markas/TEMPO/defect-emission/tensor_networks/classical_tempo_cavity/Markov_scan/g_1/mem_100","cavity_run.py",8:10m,queued,0,0,0,"","","2020-07-17 10:44:53","1970-01-01 01:00:00","1970-01-01 01:00:00",""
2686729,"/home/niflheim/markas/TEMPO/defect-emission/tensor_networks/classical_tempo_cavity/Markov_scan/g_5/mem_1","cavity_run.py",8:10m,queued,0,0,0,"","","2020-07-17 10:44:54","1970-01-01 01:00:00","1970-01-01 01:00:00",""
2686730,"/home/niflheim/markas/TEMPO/defect-emission/tensor_networks/classical_tempo_cavity/Markov_scan/g_5/mem_5","cavity_run.py",8:10m,queued,0,0,0,"","","2020-07-17 10:44:54","1970-01-01 01:00:00","1970-01-01 01:00:00",""
2686731,"/home/niflheim/markas/TEMPO/defect-emission/tensor_networks/classical_tempo_cavity/Markov_scan/g_5/mem_10","cavity_run.py",8:10m,queued,0,0,0,"","","2020-07-17 10:44:54","1970-01-01 01:00:00","1970-01-01 01:00:00",""
2686732,"/home/niflheim/markas/TEMPO/defect-emission/tensor_networks/classical_tempo_cavity/Markov_scan/g_5/mem_30","cavity_run.py",8:10m,queued,0,0,0,"","","2020-07-17 10:44:54","1970-01-01 01:00:00","1970-01-01 01:00:00",""
2686733,"/home/niflheim/markas/TEMPO/defect-emission/tensor_networks/classical_tempo_cavity/Markov_scan/g_5/mem_50","cavity_run.py",8:10m,queued,0,0,0,"","","2020-07-17 10:44:55","1970-01-01 01:00:00","1970-01-01 01:00:00",""
2686734,"/home/niflheim/markas/TEMPO/defect-emission/tensor_networks/classical_tempo_cavity/Markov_scan/g_5/mem_70","cavity_run.py",8:10m,queued,0,0,0,"","","2020-07-17 10:44:55","1970-01-01 01:00:00","1970-01-01 01:00:00",""
2686735,"/home/niflheim/markas/TEMPO/defect-emission/tensor_networks/classical_tempo_cavity/Markov_scan/g_5/mem_100","cavity_run.py",8:10m,queued,0,0,0,"","","2020-07-17 10:44:55","1970-01-01 01:00:00","1970-01-01 01:00:00",""
2686736,"/home/niflheim/markas/TEMPO/defect-emission/tensor_networks/classical_tempo_cavity/Markov_scan/g_10/mem_1","cavity_run.py",8:10m,queued,0,0,0,"","","2020-07-17 10:44:56","1970-01-01 01:00:00","1970-01-01 01:00:00",""
2686737,"/home/niflheim/markas/TEMPO/defect-emission/tensor_networks/classical_tempo_cavity/Markov_scan/g_10/mem_5","cavity_run.py",8:10m,queued,0,0,0,"","","2020-07-17 10:44:56","1970-01-01 01:00:00","1970-01-01 01:00:00",""
2686738,"/home/niflheim/markas/TEMPO/defect-emission/tensor_networks/classical_tempo_cavity/Markov_scan/g_10/mem_10","cavity_run.py",8:10m,queued,0,0,0,"","","2020-07-17 10:44:57","1970-01-01 01:00:00","1970-01-01 01:00:00",""
2686739,"/home/niflheim/markas/TEMPO/defect-emission/tensor_networks/classical_tempo_cavity/Markov_scan/g_10/mem_30","cavity_run.py",8:10m,queued,0,0,0,"","","2020-07-17 10:44:57","1970-01-01 01:00:00","1970-01-01 01:00:00",""
2686740,"/home/niflheim/markas/TEMPO/defect-emission/tensor_networks/classical_tempo_cavity/Markov_scan/g_10/mem_50","cavity_run.py",8:10m,queued,0,0,0,"","","2020-07-17 10:44:57","1970-01-01 01:00:00","1970-01-01 01:00:00",""
2686741,"/home/niflheim/markas/TEMPO/defect-emission/tensor_networks/classical_tempo_cavity/Markov_scan/g_10/mem_70","cavity_run.py",8:10m,queued,0,0,0,"","","2020-07-17 10:44:57","1970-01-01 01:00:00","1970-01-01 01:00:00",""
2686742,"/home/niflheim/markas/TEMPO/defect-emission/tensor_networks/classical_tempo_cavity/Markov_scan/g_10/mem_100","cavity_run.py",8:10m,queued,0,0,0,"","","2020-07-17 10:44:58","1970-01-01 01:00:00","1970-01-01 01:00:00",""
2686743,"/home/niflheim/markas/TEMPO/defect-emission/tensor_networks/classical_tempo_cavity/Markov_scan/g_20/mem_1","cavity_run.py",8:10m,queued,0,0,0,"","","2020-07-17 10:44:58","1970-01-01 01:00:00","1970-01-01 01:00:00",""
2686744,"/home/niflheim/markas/TEMPO/defect-emission/tensor_networks/classical_tempo_cavity/Markov_scan/g_20/mem_5","cavity_run.py",8:10m,queued,0,0,0,"","","2020-07-17 10:44:58","1970-01-01 01:00:00","1970-01-01 01:00:00",""
2686745,"/home/niflheim/markas/TEMPO/defect-emission/tensor_networks/classical_tempo_cavity/Markov_scan/g_20/mem_10","cavity_run.py",8:10m,queued,0,0,0,"","","2020-07-17 10:44:59","1970-01-01 01:00:00","1970-01-01 01:00:00",""
2686746,"/home/niflheim/markas/TEMPO/defect-emission/tensor_networks/classical_tempo_cavity/Markov_scan/g_20/mem_30","cavity_run.py",8:10m,queued,0,0,0,"","","2020-07-17 10:44:59","1970-01-01 01:00:00","1970-01-01 01:00:00",""
2686747,"/home/niflheim/markas/TEMPO/defect-emission/tensor_networks/classical_tempo_cavity/Markov_scan/g_20/mem_50","cavity_run.py",8:10m,queued,0,0,0,"","","2020-07-17 10:44:59","1970-01-01 01:00:00","1970-01-01 01:00:00",""
2686748,"/home/niflheim/markas/TEMPO/defect-emission/tensor_networks/classical_tempo_cavity/Markov_scan/g_20/mem_70","cavity_run.py",8:10m,queued,0,0,0,"","","2020-07-17 10:45:00","1970-01-01 01:00:00","1970-01-01 01:00:00",""
2686749,"/home/niflheim/markas/TEMPO/defect-emission/tensor_networks/classical_tempo_cavity/Markov_scan/g_20/mem_100","cavity_run.py",8:10m,queued,0,0,0,"","","2020-07-17 10:45:00","1970-01-01 01:00:00","1970-01-01 01:00:00",""
2686750,"/home/niflheim/markas/TEMPO/defect-emission/tensor_networks/classical_tempo_cavity/Markov_scan/g_30/mem_1","cavity_run.py",8:10m,queued,0,0,0,"","","2020-07-17 10:45:00","1970-01-01 01:00:00","1970-01-01 01:00:00",""
2686751,"/home/niflheim/markas/TEMPO/defect-emission/tensor_networks/classical_tempo_cavity/Markov_scan/g_30/mem_5","cavity_run.py",8:10m,queued,0,0,0,"","","2020-07-17 10:45:00","1970-01-01 01:00:00","1970-01-01 01:00:00",""
2686752,"/home/niflheim/markas/TEMPO/defect-emission/tensor_networks/classical_tempo_cavity/Markov_scan/g_30/mem_10","cavity_run.py",8:10m,queued,0,0,0,"","","2020-07-17 10:45:02","1970-01-01 01:00:00","1970-01-01 01:00:00",""
2686753,"/home/niflheim/markas/TEMPO/defect-emission/tensor_networks/classical_tempo_cavity/Markov_scan/g_30/mem_30","cavity_run.py",8:10m,queued,0,0,0,"","","2020-07-17 10:45:02","1970-01-01 01:00:00","1970-01-01 01:00:00",""
2686754,"/home/niflheim/markas/TEMPO/defect-emission/tensor_networks/classical_tempo_cavity/Markov_scan/g_30/mem_50","cavity_run.py",8:10m,queued,0,0,0,"","","2020-07-17 10:45:02","1970-01-01 01:00:00","1970-01-01 01:00:00",""
2686755,"/home/niflheim/markas/TEMPO/defect-emission/tensor_networks/classical_tempo_cavity/Markov_scan/g_30/mem_70","cavity_run.py",8:10m,queued,0,0,0,"","","2020-07-17 10:45:03","1970-01-01 01:00:00","1970-01-01 01:00:00",""
2686756,"/home/niflheim/markas/TEMPO/defect-emission/tensor_networks/classical_tempo_cavity/Markov_scan/g_30/mem_100","cavity_run.py",8:10m,queued,0,0,0,"","","2020-07-17 10:45:03","1970-01-01 01:00:00","1970-01-01 01:00:00",""
2686719,"/home/niflheim/markas/TEMPO/defect-emission/tensor_networks/classical_tempo_cavity/Markov_scan/g_0.1/mem_50","cavity_run.py",8:10m,queued,0,0,0,"","","2020-07-17 10:44:50","1970-01-01 01:00:00","1970-01-01 01:00:00",""
2686741,"/home/niflheim/markas/TEMPO/defect-emission/tensor_networks/classical_tempo_cavity/Markov_scan/g_10/mem_70","cavity_run.py",8:10m,queued,0,0,0,"","","2020-07-17 10:44:57","1970-01-01 01:00:00","1970-01-01 01:00:00",""
2686730,"/home/niflheim/markas/TEMPO/defect-emission/tensor_networks/classical_tempo_cavity/Markov_scan/g_5/mem_5","cavity_run.py",8:10m,queued,0,0,0,"","","2020-07-17 10:44:54","1970-01-01 01:00:00","1970-01-01 01:00:00",""
2686742,"/home/niflheim/markas/TEMPO/defect-emission/tensor_networks/classical_tempo_cavity/Markov_scan/g_10/mem_100","cavity_run.py",8:10m,queued,0,0,0,"","","2020-07-17 10:44:58","1970-01-01 01:00:00","1970-01-01 01:00:00",""
2686753,"/home/niflheim/markas/TEMPO/defect-emission/tensor_networks/classical_tempo_cavity/Markov_scan/g_30/mem_30","cavity_run.py",8:10m,queued,0,0,0,"","","2020-07-17 10:45:02","1970-01-01 01:00:00","1970-01-01 01:00:00",""
2686720,"/home/niflheim/markas/TEMPO/defect-emission/tensor_networks/classical_tempo_cavity/Markov_scan/g_0.1/mem_70","cavity_run.py",8:10m,queued,0,0,0,"","","2020-07-17 10:44:50","1970-01-01 01:00:00","1970-01-01 01:00:00",""
2686743,"/home/niflheim/markas/TEMPO/defect-emission/tensor_networks/classical_tempo_cavity/Markov_scan/g_20/mem_1","cavity_run.py",8:10m,queued,0,0,0,"","","2020-07-17 10:44:58","1970-01-01 01:00:00","1970-01-01 01:00:00",""
2686731,"/home/niflheim/markas/TEMPO/defect-emission/tensor_networks/classical_tempo_cavity/Markov_scan/g_5/mem_10","cavity_run.py",8:10m,queued,0,0,0,"","","2020-07-17 10:44:54","1970-01-01 01:00:00","1970-01-01 01:00:00",""
2686754,"/home/niflheim/markas/TEMPO/defect-emission/tensor_networks/classical_tempo_cavity/Markov_scan/g_30/mem_50","cavity_run.py",8:10m,queued,0,0,0,"","","2020-07-17 10:45:02","1970-01-01 01:00:00","1970-01-01 01:00:00",""
2686721,"/home/niflheim/markas/TEMPO/defect-emission/tensor_networks/classical_tempo_cavity/Markov_scan/g_0.1/mem_100","cavity_run.py",8:10m,queued,0,0,0,"","","2020-07-17 10:44:51","1970-01-01 01:00:00","1970-01-01 01:00:00",""
2686732,"/home/niflheim/markas/TEMPO/defect-emission/tensor_networks/classical_tempo_cavity/Markov_scan/g_5/mem_30","cavity_run.py",8:10m,queued,0,0,0,"","","2020-07-17 10:44:54","1970-01-01 01:00:00","1970-01-01 01:00:00",""
2686755,"/home/niflheim/markas/TEMPO/defect-emission/tensor_networks/classical_tempo_cavity/Markov_scan/g_30/mem_70","cavity_run.py",8:10m,queued,0,0,0,"","","2020-07-17 10:45:03","1970-01-01 01:00:00","1970-01-01 01:00:00",""
2686744,"/home/niflheim/markas/TEMPO/defect-emission/tensor_networks/classical_tempo_cavity/Markov_scan/g_20/mem_5","cavity_run.py",8:10m,queued,0,0,0,"","","2020-07-17 10:44:58","1970-01-01 01:00:00","1970-01-01 01:00:00",""
2686722,"/home/niflheim/markas/TEMPO/defect-emission/tensor_networks/classical_tempo_cavity/Markov_scan/g_1/mem_1","cavity_run.py",8:10m,queued,0,0,0,"","","2020-07-17 10:44:51","1970-01-01 01:00:00","1970-01-01 01:00:00",""
2686733,"/home/niflheim/markas/TEMPO/defect-emission/tensor_networks/classical_tempo_cavity/Markov_scan/g_5/mem_50","cavity_run.py",8:10m,queued,0,0,0,"","","2020-07-17 10:44:55","1970-01-01 01:00:00","1970-01-01 01:00:00",""
2686756,"/home/niflheim/markas/TEMPO/defect-emission/tensor_networks/classical_tempo_cavity/Markov_scan/g_30/mem_100","cavity_run.py",8:10m,queued,0,0,0,"","","2020-07-17 10:45:03","1970-01-01 01:00:00","1970-01-01 01:00:00",""
2686745,"/home/niflheim/markas/TEMPO/defect-emission/tensor_networks/classical_tempo_cavity/Markov_scan/g_20/mem_10","cavity_run.py",8:10m,queued,0,0,0,"","","2020-07-17 10:44:59","1970-01-01 01:00:00","1970-01-01 01:00:00",""
2686734,"/home/niflheim/markas/TEMPO/defect-emission/tensor_networks/classical_tempo_cavity/Markov_scan/g_5/mem_70","cavity_run.py",8:10m,queued,0,0,0,"","","2020-07-17 10:44:55","1970-01-01 01:00:00","1970-01-01 01:00:00",""
2686723,"/home/niflheim/markas/TEMPO/defect-emission/tensor_networks/classical_tempo_cavity/Markov_scan/g_1/mem_5","cavity_run.py",8:10m,queued,0,0,0,"","","2020-07-17 10:44:52","1970-01-01 01:00:00","1970-01-01 01:00:00",""
2686746,"/home/niflheim/markas/TEMPO/defect-emission/tensor_networks/classical_tempo_cavity/Markov_scan/g_20/mem_30","cavity_run.py",8:10m,queued,0,0,0,"","","2020-07-17 10:44:59","1970-01-01 01:00:00","1970-01-01 01:00:00",""
2686735,"/home/niflheim/markas/TEMPO/defect-emission/tensor_networks/classical_tempo_cavity/Markov_scan/g_5/mem_100","cavity_run.py",8:10m,queued,0,0,0,"","","2020-07-17 10:44:55","1970-01-01 01:00:00","1970-01-01 01:00:00",""
2686724,"/home/niflheim/markas/TEMPO/defect-emission/tensor_networks/classical_tempo_cavity/Markov_scan/g_1/mem_10","cavity_run.py",8:10m,queued,0,0,0,"","","2020-07-17 10:44:52","1970-01-01 01:00:00","1970-01-01 01:00:00",""
2686747,"/home/niflheim/markas/TEMPO/defect-emission/tensor_networks/classical_tempo_cavity/Markov_scan/g_20/mem_50","cavity_run.py",8:10m,queued,0,0,0,"","","2020-07-17 10:44:59","1970-01-01 01:00:00","1970-01-01 01:00:00",""
2686736,"/home/niflheim/markas/TEMPO/defect-emission/tensor_networks/classical_tempo_cavity/Markov_scan/g_10/mem_1","cavity_run.py",8:10m,queued,0,0,0,"","","2020-07-17 10:44:56","1970-01-01 01:00:00","1970-01-01 01:00:00",""
2686715,"/home/niflheim/markas/TEMPO/defect-emission/tensor_networks/classical_tempo_cavity/Markov_scan/g_0.1/mem_1","cavity_run.py",8:10m,queued,0,0,0,"","","2020-07-17 10:44:49","1970-01-01 01:00:00","1970-01-01 01:00:00",""
2686725,"/home/niflheim/markas/TEMPO/defect-emission/tensor_networks/classical_tempo_cavity/Markov_scan/g_1/mem_30","cavity_run.py",8:10m,queued,0,0,0,"","","2020-07-17 10:44:52","1970-01-01 01:00:00","1970-01-01 01:00:00",""
2686748,"/home/niflheim/markas/TEMPO/defect-emission/tensor_networks/classical_tempo_cavity/Markov_scan/g_20/mem_70","cavity_run.py",8:10m,queued,0,0,0,"","","2020-07-17 10:45:00","1970-01-01 01:00:00","1970-01-01 01:00:00",""
2686716,"/home/niflheim/markas/TEMPO/defect-emission/tensor_networks/classical_tempo_cavity/Markov_scan/g_0.1/mem_5","cavity_run.py",8:10m,queued,0,0,0,"","","2020-07-17 10:44:49","1970-01-01 01:00:00","1970-01-01 01:00:00",""
2686726,"/home/niflheim/markas/TEMPO/defect-emission/tensor_networks/classical_tempo_cavity/Markov_scan/g_1/mem_50","cavity_run.py",8:10m,queued,0,0,0,"","","2020-07-17 10:44:53","1970-01-01 01:00:00","1970-01-01 01:00:00",""
2686737,"/home/niflheim/markas/TEMPO/defect-emission/tensor_networks/classical_tempo_cavity/Markov_scan/g_10/mem_5","cavity_run.py",8:10m,queued,0,0,0,"","","2020-07-17 10:44:56","1970-01-01 01:00:00","1970-01-01 01:00:00",""
2686749,"/home/niflheim/markas/TEMPO/defect-emission/tensor_networks/classical_tempo_cavity/Markov_scan/g_20/mem_100","cavity_run.py",8:10m,queued,0,0,0,"","","2020-07-17 10:45:00","1970-01-01 01:00:00","1970-01-01 01:00:00",""
2686750,"/home/niflheim/markas/TEMPO/defect-emission/tensor_networks/classical_tempo_cavity/Markov_scan/g_30/mem_1","cavity_run.py",8:10m,queued,0,0,0,"","","2020-07-17 10:45:00","1970-01-01 01:00:00","1970-01-01 01:00:00",""
2686738,"/home/niflheim/markas/TEMPO/defect-emission/tensor_networks/classical_tempo_cavity/Markov_scan/g_10/mem_10","cavity_run.py",8:10m,queued,0,0,0,"","","2020-07-17 10:44:57","1970-01-01 01:00:00","1970-01-01 01:00:00",""
2686727,"/home/niflheim/markas/TEMPO/defect-emission/tensor_networks/classical_tempo_cavity/Markov_scan/g_1/mem_70","cavity_run.py",8:10m,queued,0,0,0,"","","2020-07-17 10:44:53","1970-01-01 01:00:00","1970-01-01 01:00:00",""
2686717,"/home/niflheim/markas/TEMPO/defect-emission/tensor_networks/classical_tempo_cavity/Markov_scan/g_0.1/mem_10","cavity_run.py",8:10m,queued,0,0,0,"","","2020-07-17 10:44:49","1970-01-01 01:00:00","1970-01-01 01:00:00",""
2686739,"/home/niflheim/markas/TEMPO/defect-emission/tensor_networks/classical_tempo_cavity/Markov_scan/g_10/mem_30","cavity_run.py",8:10m,queued,0,0,0,"","","2020-07-17 10:44:57","1970-01-01 01:00:00","1970-01-01 01:00:00",""
2686728,"/home/niflheim/markas/TEMPO/defect-emission/tensor_networks/classical_tempo_cavity/Markov_scan/g_1/mem_100","cavity_run.py",8:10m,queued,0,0,0,"","","2020-07-17 10:44:53","1970-01-01 01:00:00","1970-01-01 01:00:00",""
2686751,"/home/niflheim/markas/TEMPO/defect-emission/tensor_networks/classical_tempo_cavity/Markov_scan/g_30/mem_5","cavity_run.py",8:10m,queued,0,0,0,"","","2020-07-17 10:45:00","1970-01-01 01:00:00","1970-01-01 01:00:00",""
2686718,"/home/niflheim/markas/TEMPO/defect-emission/tensor_networks/classical_tempo_cavity/Markov_scan/g_0.1/mem_30","cavity_run.py",8:10m,queued,0,0,0,"","","2020-07-17 10:44:50","1970-01-01 01:00:00","1970-01-01 01:00:00",""
2686729,"/home/niflheim/markas/TEMPO/defect-emission/tensor_networks/classical_tempo_cavity/Markov_scan/g_5/mem_1","cavity_run.py",8:10m,queued,0,0,0,"","","2020-07-17 10:44:54","1970-01-01 01:00:00","1970-01-01 01:00:00",""
2686740,"/home/niflheim/markas/TEMPO/defect-emission/tensor_networks/classical_tempo_cavity/Markov_scan/g_10/mem_50","cavity_run.py",8:10m,queued,0,0,0,"","","2020-07-17 10:44:57","1970-01-01 01:00:00","1970-01-01 01:00:00",""
2686752,"/home/niflheim/markas/TEMPO/defect-emission/tensor_networks/classical_tempo_cavity/Markov_scan/g_30/mem_10","cavity_run.py",8:10m,queued,0,0,0,"","","2020-07-17 10:45:02","1970-01-01 01:00:00","1970-01-01 01:00:00",""
2686757,"/home/niflheim/markas/TEMPO/defect-emission/tensor_networks/classical_tempo_cavity/Markov_scan/g_0.1/mem_1","cavity_run.py",8:5h,queued,0,0,0,"","","2020-07-17 10:45:34","1970-01-01 01:00:00","1970-01-01 01:00:00",""
2686758,"/home/niflheim/markas/TEMPO/defect-emission/tensor_networks/classical_tempo_cavity/Markov_scan/g_0.1/mem_5","cavity_run.py",8:5h,queued,0,0,0,"","","2020-07-17 10:45:35","1970-01-01 01:00:00","1970-01-01 01:00:00",""
2686759,"/home/niflheim/markas/TEMPO/defect-emission/tensor_networks/classical_tempo_cavity/Markov_scan/g_0.1/mem_10","cavity_run.py",8:5h,queued,0,0,0,"","","2020-07-17 10:45:35","1970-01-01 01:00:00","1970-01-01 01:00:00",""
2686760,"/home/niflheim/markas/TEMPO/defect-emission/tensor_networks/classical_tempo_cavity/Markov_scan/g_0.1/mem_30","cavity_run.py",8:5h,queued,0,0,0,"","","2020-07-17 10:45:35","1970-01-01 01:00:00","1970-01-01 01:00:00",""
2686761,"/home/niflheim/markas/TEMPO/defect-emission/tensor_networks/classical_tempo_cavity/Markov_scan/g_0.1/mem_50","cavity_run.py",8:5h,queued,0,0,0,"","","2020-07-17 10:45:36","1970-01-01 01:00:00","1970-01-01 01:00:00",""
2686762,"/home/niflheim/markas/TEMPO/defect-emission/tensor_networks/classical_tempo_cavity/Markov_scan/g_0.1/mem_70","cavity_run.py",8:5h,queued,0,0,0,"","","2020-07-17 10:45:36","1970-01-01 01:00:00","1970-01-01 01:00:00",""
2686763,"/home/niflheim/markas/TEMPO/defect-emission/tensor_networks/classical_tempo_cavity/Markov_scan/g_0.1/mem_100","cavity_run.py",8:5h,queued,0,0,0,"","","2020-07-17 10:45:37","1970-01-01 01:00:00","1970-01-01 01:00:00",""
2686764,"/home/niflheim/markas/TEMPO/defect-emission/tensor_networks/classical_tempo_cavity/Markov_scan/g_1/mem_1","cavity_run.py",8:5h,queued,0,0,0,"","","2020-07-17 10:45:37","1970-01-01 01:00:00","1970-01-01 01:00:00",""
2686765,"/home/niflheim/markas/TEMPO/defect-emission/tensor_networks/classical_tempo_cavity/Markov_scan/g_1/mem_5","cavity_run.py",8:5h,queued,0,0,0,"","","2020-07-17 10:45:37","1970-01-01 01:00:00","1970-01-01 01:00:00",""
2686766,"/home/niflheim/markas/TEMPO/defect-emission/tensor_networks/classical_tempo_cavity/Markov_scan/g_1/mem_10","cavity_run.py",8:5h,queued,0,0,0,"","","2020-07-17 10:45:38","1970-01-01 01:00:00","1970-01-01 01:00:00",""
2686767,"/home/niflheim/markas/TEMPO/defect-emission/tensor_networks/classical_tempo_cavity/Markov_scan/g_1/mem_30","cavity_run.py",8:5h,queued,0,0,0,"","","2020-07-17 10:45:38","1970-01-01 01:00:00","1970-01-01 01:00:00",""
2686768,"/home/niflheim/markas/TEMPO/defect-emission/tensor_networks/classical_tempo_cavity/Markov_scan/g_1/mem_50","cavity_run.py",8:5h,queued,0,0,0,"","","2020-07-17 10:45:38","1970-01-01 01:00:00","1970-01-01 01:00:00",""
2686769,"/home/niflheim/markas/TEMPO/defect-emission/tensor_networks/classical_tempo_cavity/Markov_scan/g_1/mem_70","cavity_run.py",8:5h,queued,0,0,0,"","","2020-07-17 10:45:39","1970-01-01 01:00:00","1970-01-01 01:00:00",""
2686770,"/home/niflheim/markas/TEMPO/defect-emission/tensor_networks/classical_tempo_cavity/Markov_scan/g_1/mem_100","cavity_run.py",8:5h,queued,0,0,0,"","","2020-07-17 10:45:39","1970-01-01 01:00:00","1970-01-01 01:00:00",""
2686771,"/home/niflheim/markas/TEMPO/defect-emission/tensor_networks/classical_tempo_cavity/Markov_scan/g_5/mem_1","cavity_run.py",8:5h,queued,0,0,0,"","","2020-07-17 10:45:39","1970-01-01 01:00:00","1970-01-01 01:00:00",""
2686772,"/home/niflheim/markas/TEMPO/defect-emission/tensor_networks/classical_tempo_cavity/Markov_scan/g_5/mem_5","cavity_run.py",8:5h,queued,0,0,0,"","","2020-07-17 10:45:40","1970-01-01 01:00:00","1970-01-01 01:00:00",""
2686773,"/home/niflheim/markas/TEMPO/defect-emission/tensor_networks/classical_tempo_cavity/Markov_scan/g_5/mem_10","cavity_run.py",8:5h,queued,0,0,0,"","","2020-07-17 10:45:40","1970-01-01 01:00:00","1970-01-01 01:00:00",""
2686774,"/home/niflheim/markas/TEMPO/defect-emission/tensor_networks/classical_tempo_cavity/Markov_scan/g_5/mem_30","cavity_run.py",8:5h,queued,0,0,0,"","","2020-07-17 10:45:40","1970-01-01 01:00:00","1970-01-01 01:00:00",""
2686775,"/home/niflheim/markas/TEMPO/defect-emission/tensor_networks/classical_tempo_cavity/Markov_scan/g_5/mem_50","cavity_run.py",8:5h,queued,0,0,0,"","","2020-07-17 10:45:40","1970-01-01 01:00:00","1970-01-01 01:00:00",""
2686776,"/home/niflheim/markas/TEMPO/defect-emission/tensor_networks/classical_tempo_cavity/Markov_scan/g_5/mem_70","cavity_run.py",8:5h,queued,0,0,0,"","","2020-07-17 10:45:41","1970-01-01 01:00:00","1970-01-01 01:00:00",""
2686777,"/home/niflheim/markas/TEMPO/defect-emission/tensor_networks/classical_tempo_cavity/Markov_scan/g_5/mem_100","cavity_run.py",8:5h,queued,0,0,0,"","","2020-07-17 10:45:42","1970-01-01 01:00:00","1970-01-01 01:00:00",""
2686778,"/home/niflheim/markas/TEMPO/defect-emission/tensor_networks/classical_tempo_cavity/Markov_scan/g_10/mem_1","cavity_run.py",8:5h,queued,0,0,0,"","","2020-07-17 10:45:42","1970-01-01 01:00:00","1970-01-01 01:00:00",""
2686779,"/home/niflheim/markas/TEMPO/defect-emission/tensor_networks/classical_tempo_cavity/Markov_scan/g_10/mem_5","cavity_run.py",8:5h,queued,0,0,0,"","","2020-07-17 10:45:42","1970-01-01 01:00:00","1970-01-01 01:00:00",""
2686780,"/home/niflheim/markas/TEMPO/defect-emission/tensor_networks/classical_tempo_cavity/Markov_scan/g_10/mem_10","cavity_run.py",8:5h,queued,0,0,0,"","","2020-07-17 10:45:43","1970-01-01 01:00:00","1970-01-01 01:00:00",""
2686781,"/home/niflheim/markas/TEMPO/defect-emission/tensor_networks/classical_tempo_cavity/Markov_scan/g_10/mem_30","cavity_run.py",8:5h,queued,0,0,0,"","","2020-07-17 10:45:43","1970-01-01 01:00:00","1970-01-01 01:00:00",""
2686782,"/home/niflheim/markas/TEMPO/defect-emission/tensor_networks/classical_tempo_cavity/Markov_scan/g_10/mem_50","cavity_run.py",8:5h,queued,0,0,0,"","","2020-07-17 10:45:43","1970-01-01 01:00:00","1970-01-01 01:00:00",""
2686783,"/home/niflheim/markas/TEMPO/defect-emission/tensor_networks/classical_tempo_cavity/Markov_scan/g_10/mem_70","cavity_run.py",8:5h,queued,0,0,0,"","","2020-07-17 10:45:43","1970-01-01 01:00:00","1970-01-01 01:00:00",""
2686784,"/home/niflheim/markas/TEMPO/defect-emission/tensor_networks/classical_tempo_cavity/Markov_scan/g_10/mem_100","cavity_run.py",8:5h,queued,0,0,0,"","","2020-07-17 10:45:44","1970-01-01 01:00:00","1970-01-01 01:00:00",""
2686785,"/home/niflheim/markas/TEMPO/defect-emission/tensor_networks/classical_tempo_cavity/Markov_scan/g_20/mem_1","cavity_run.py",8:5h,queued,0,0,0,"","","2020-07-17 10:45:44","1970-01-01 01:00:00","1970-01-01 01:00:00",""
2686786,"/home/niflheim/markas/TEMPO/defect-emission/tensor_networks/classical_tempo_cavity/Markov_scan/g_20/mem_5","cavity_run.py",8:5h,queued,0,0,0,"","","2020-07-17 10:45:45","1970-01-01 01:00:00","1970-01-01 01:00:00",""
2686787,"/home/niflheim/markas/TEMPO/defect-emission/tensor_networks/classical_tempo_cavity/Markov_scan/g_20/mem_10","cavity_run.py",8:5h,queued,0,0,0,"","","2020-07-17 10:45:45","1970-01-01 01:00:00","1970-01-01 01:00:00",""
2686788,"/home/niflheim/markas/TEMPO/defect-emission/tensor_networks/classical_tempo_cavity/Markov_scan/g_20/mem_30","cavity_run.py",8:5h,queued,0,0,0,"","","2020-07-17 10:45:45","1970-01-01 01:00:00","1970-01-01 01:00:00",""
2686789,"/home/niflheim/markas/TEMPO/defect-emission/tensor_networks/classical_tempo_cavity/Markov_scan/g_20/mem_50","cavity_run.py",8:5h,queued,0,0,0,"","","2020-07-17 10:45:46","1970-01-01 01:00:00","1970-01-01 01:00:00",""
2686790,"/home/niflheim/markas/TEMPO/defect-emission/tensor_networks/classical_tempo_cavity/Markov_scan/g_20/mem_70","cavity_run.py",8:5h,queued,0,0,0,"","","2020-07-17 10:45:46","1970-01-01 01:00:00","1970-01-01 01:00:00",""
2686791,"/home/niflheim/markas/TEMPO/defect-emission/tensor_networks/classical_tempo_cavity/Markov_scan/g_20/mem_100","cavity_run.py",8:5h,queued,0,0,0,"","","2020-07-17 10:45:47","1970-01-01 01:00:00","1970-01-01 01:00:00",""
2686792,"/home/niflheim/markas/TEMPO/defect-emission/tensor_networks/classical_tempo_cavity/Markov_scan/g_30/mem_1","cavity_run.py",8:5h,queued,0,0,0,"","","2020-07-17 10:45:47","1970-01-01 01:00:00","1970-01-01 01:00:00",""
2686793,"/home/niflheim/markas/TEMPO/defect-emission/tensor_networks/classical_tempo_cavity/Markov_scan/g_30/mem_5","cavity_run.py",8:5h,queued,0,0,0,"","","2020-07-17 10:45:47","1970-01-01 01:00:00","1970-01-01 01:00:00",""
2686794,"/home/niflheim/markas/TEMPO/defect-emission/tensor_networks/classical_tempo_cavity/Markov_scan/g_30/mem_10","cavity_run.py",8:5h,queued,0,0,0,"","","2020-07-17 10:45:48","1970-01-01 01:00:00","1970-01-01 01:00:00",""
2686795,"/home/niflheim/markas/TEMPO/defect-emission/tensor_networks/classical_tempo_cavity/Markov_scan/g_30/mem_30","cavity_run.py",8:5h,queued,0,0,0,"","","2020-07-17 10:45:48","1970-01-01 01:00:00","1970-01-01 01:00:00",""
2686796,"/home/niflheim/markas/TEMPO/defect-emission/tensor_networks/classical_tempo_cavity/Markov_scan/g_30/mem_50","cavity_run.py",8:5h,queued,0,0,0,"","","2020-07-17 10:45:48","1970-01-01 01:00:00","1970-01-01 01:00:00",""
2686797,"/home/niflheim/markas/TEMPO/defect-emission/tensor_networks/classical_tempo_cavity/Markov_scan/g_30/mem_70","cavity_run.py",8:5h,queued,0,0,0,"","","2020-07-17 10:45:48","1970-01-01 01:00:00","1970-01-01 01:00:00",""
2686798,"/home/niflheim/markas/TEMPO/defect-emission/tensor_networks/classical_tempo_cavity/Markov_scan/g_30/mem_100","cavity_run.py",8:5h,queued,0,0,0,"","","2020-07-17 10:45:49","1970-01-01 01:00:00","1970-01-01 01:00:00",""
2686768,"/home/niflheim/markas/TEMPO/defect-emission/tensor_networks/classical_tempo_cavity/Markov_scan/g_1/mem_50","cavity_run.py",8:5h,running,0,0,0,"","","2020-07-17 10:45:38","2020-07-17 10:46:25","1970-01-01 01:00:00",""
2686791,"/home/niflheim/markas/TEMPO/defect-emission/tensor_networks/classical_tempo_cavity/Markov_scan/g_20/mem_100","cavity_run.py",8:5h,running,0,0,0,"","","2020-07-17 10:45:47","2020-07-17 10:46:25","1970-01-01 01:00:00",""
2686792,"/home/niflheim/markas/TEMPO/defect-emission/tensor_networks/classical_tempo_cavity/Markov_scan/g_30/mem_1","cavity_run.py",8:5h,done,0,0,0,"","","2020-07-17 10:45:47","2020-07-17 10:47:25","2020-07-17 10:47:34",""
2686780,"/home/niflheim/markas/TEMPO/defect-emission/tensor_networks/classical_tempo_cavity/Markov_scan/g_10/mem_10","cavity_run.py",8:5h,done,0,0,0,"","","2020-07-17 10:45:43","2020-07-17 10:46:25","2020-07-17 10:48:29",""
2686769,"/home/niflheim/markas/TEMPO/defect-emission/tensor_networks/classical_tempo_cavity/Markov_scan/g_1/mem_70","cavity_run.py",8:5h,running,0,0,0,"","","2020-07-17 10:45:39","2020-07-17 10:46:25","1970-01-01 01:00:00",""
2686759,"/home/niflheim/markas/TEMPO/defect-emission/tensor_networks/classical_tempo_cavity/Markov_scan/g_0.1/mem_10","cavity_run.py",8:5h,running,0,0,0,"","","2020-07-17 10:45:35","2020-07-17 10:46:25","1970-01-01 01:00:00",""
2686781,"/home/niflheim/markas/TEMPO/defect-emission/tensor_networks/classical_tempo_cavity/Markov_scan/g_10/mem_30","cavity_run.py",8:5h,running,0,0,0,"","","2020-07-17 10:45:43","2020-07-17 10:46:25","1970-01-01 01:00:00",""
2686770,"/home/niflheim/markas/TEMPO/defect-emission/tensor_networks/classical_tempo_cavity/Markov_scan/g_1/mem_100","cavity_run.py",8:5h,running,0,0,0,"","","2020-07-17 10:45:39","2020-07-17 10:46:25","1970-01-01 01:00:00",""
2686779,"/home/niflheim/markas/TEMPO/defect-emission/tensor_networks/classical_tempo_cavity/Markov_scan/g_10/mem_5","cavity_run.py",8:5h,done,0,0,0,"","","2020-07-17 10:45:42","2020-07-17 10:46:25","2020-07-17 10:47:27",""
2686793,"/home/niflheim/markas/TEMPO/defect-emission/tensor_networks/classical_tempo_cavity/Markov_scan/g_30/mem_5","cavity_run.py",8:5h,done,0,0,0,"","","2020-07-17 10:45:47","2020-07-17 10:47:25","2020-07-17 10:48:20",""
2686760,"/home/niflheim/markas/TEMPO/defect-emission/tensor_networks/classical_tempo_cavity/Markov_scan/g_0.1/mem_30","cavity_run.py",8:5h,running,0,0,0,"","","2020-07-17 10:45:35","2020-07-17 10:46:25","1970-01-01 01:00:00",""
2686771,"/home/niflheim/markas/TEMPO/defect-emission/tensor_networks/classical_tempo_cavity/Markov_scan/g_5/mem_1","cavity_run.py",8:5h,done,0,0,0,"","","2020-07-17 10:45:39","2020-07-17 10:46:25","2020-07-17 10:46:44",""
2686782,"/home/niflheim/markas/TEMPO/defect-emission/tensor_networks/classical_tempo_cavity/Markov_scan/g_10/mem_50","cavity_run.py",8:5h,running,0,0,0,"","","2020-07-17 10:45:43","2020-07-17 10:46:25","1970-01-01 01:00:00",""
2686794,"/home/niflheim/markas/TEMPO/defect-emission/tensor_networks/classical_tempo_cavity/Markov_scan/g_30/mem_10","cavity_run.py",8:5h,running,0,0,0,"","","2020-07-17 10:45:48","2020-07-17 10:47:25","1970-01-01 01:00:00",""
2686761,"/home/niflheim/markas/TEMPO/defect-emission/tensor_networks/classical_tempo_cavity/Markov_scan/g_0.1/mem_50","cavity_run.py",8:5h,running,0,0,0,"","","2020-07-17 10:45:36","2020-07-17 10:46:25","1970-01-01 01:00:00",""
2686783,"/home/niflheim/markas/TEMPO/defect-emission/tensor_networks/classical_tempo_cavity/Markov_scan/g_10/mem_70","cavity_run.py",8:5h,running,0,0,0,"","","2020-07-17 10:45:43","2020-07-17 10:46:26","1970-01-01 01:00:00",""
2686772,"/home/niflheim/markas/TEMPO/defect-emission/tensor_networks/classical_tempo_cavity/Markov_scan/g_5/mem_5","cavity_run.py",8:5h,done,0,0,0,"","","2020-07-17 10:45:40","2020-07-17 10:46:25","2020-07-17 10:47:28",""
2686795,"/home/niflheim/markas/TEMPO/defect-emission/tensor_networks/classical_tempo_cavity/Markov_scan/g_30/mem_30","cavity_run.py",8:5h,running,0,0,0,"","","2020-07-17 10:45:48","2020-07-17 10:47:25","1970-01-01 01:00:00",""
2686784,"/home/niflheim/markas/TEMPO/defect-emission/tensor_networks/classical_tempo_cavity/Markov_scan/g_10/mem_100","cavity_run.py",8:5h,running,0,0,0,"","","2020-07-17 10:45:44","2020-07-17 10:46:26","1970-01-01 01:00:00",""
2686762,"/home/niflheim/markas/TEMPO/defect-emission/tensor_networks/classical_tempo_cavity/Markov_scan/g_0.1/mem_70","cavity_run.py",8:5h,running,0,0,0,"","","2020-07-17 10:45:36","2020-07-17 10:46:26","1970-01-01 01:00:00",""
2686773,"/home/niflheim/markas/TEMPO/defect-emission/tensor_networks/classical_tempo_cavity/Markov_scan/g_5/mem_10","cavity_run.py",8:5h,done,0,0,0,"","","2020-07-17 10:45:40","2020-07-17 10:46:25","2020-07-17 10:48:29",""
2686796,"/home/niflheim/markas/TEMPO/defect-emission/tensor_networks/classical_tempo_cavity/Markov_scan/g_30/mem_50","cavity_run.py",8:5h,running,0,0,0,"","","2020-07-17 10:45:48","2020-07-17 10:47:25","1970-01-01 01:00:00",""
2686785,"/home/niflheim/markas/TEMPO/defect-emission/tensor_networks/classical_tempo_cavity/Markov_scan/g_20/mem_1","cavity_run.py",8:5h,done,0,0,0,"","","2020-07-17 10:45:44","2020-07-17 10:46:25","2020-07-17 10:46:38",""
2686790,"/home/niflheim/markas/TEMPO/defect-emission/tensor_networks/classical_tempo_cavity/Markov_scan/g_20/mem_70","cavity_run.py",8:5h,running,0,0,0,"","","2020-07-17 10:45:46","2020-07-17 10:46:25","1970-01-01 01:00:00",""
2686774,"/home/niflheim/markas/TEMPO/defect-emission/tensor_networks/classical_tempo_cavity/Markov_scan/g_5/mem_30","cavity_run.py",8:5h,running,0,0,0,"","","2020-07-17 10:45:40","2020-07-17 10:46:26","1970-01-01 01:00:00",""
2686797,"/home/niflheim/markas/TEMPO/defect-emission/tensor_networks/classical_tempo_cavity/Markov_scan/g_30/mem_70","cavity_run.py",8:5h,running,0,0,0,"","","2020-07-17 10:45:48","2020-07-17 10:48:25","1970-01-01 01:00:00",""
2686763,"/home/niflheim/markas/TEMPO/defect-emission/tensor_networks/classical_tempo_cavity/Markov_scan/g_0.1/mem_100","cavity_run.py",8:5h,running,0,0,0,"","","2020-07-17 10:45:37","2020-07-17 10:46:25","1970-01-01 01:00:00",""
2686786,"/home/niflheim/markas/TEMPO/defect-emission/tensor_networks/classical_tempo_cavity/Markov_scan/g_20/mem_5","cavity_run.py",8:5h,done,0,0,0,"","","2020-07-17 10:45:45","2020-07-17 10:46:26","2020-07-17 10:47:27",""
2686775,"/home/niflheim/markas/TEMPO/defect-emission/tensor_networks/classical_tempo_cavity/Markov_scan/g_5/mem_50","cavity_run.py",8:5h,running,0,0,0,"","","2020-07-17 10:45:40","2020-07-17 10:46:25","1970-01-01 01:00:00",""
2686798,"/home/niflheim/markas/TEMPO/defect-emission/tensor_networks/classical_tempo_cavity/Markov_scan/g_30/mem_100","cavity_run.py",8:5h,running,0,0,0,"","","2020-07-17 10:45:49","2020-07-17 10:48:25","1970-01-01 01:00:00",""
2686764,"/home/niflheim/markas/TEMPO/defect-emission/tensor_networks/classical_tempo_cavity/Markov_scan/g_1/mem_1","cavity_run.py",8:5h,done,0,0,0,"","","2020-07-17 10:45:37","2020-07-17 10:46:25","2020-07-17 10:46:41",""
2686787,"/home/niflheim/markas/TEMPO/defect-emission/tensor_networks/classical_tempo_cavity/Markov_scan/g_20/mem_10","cavity_run.py",8:5h,done,0,0,0,"","","2020-07-17 10:45:45","2020-07-17 10:46:25","2020-07-17 10:48:29",""
2686776,"/home/niflheim/markas/TEMPO/defect-emission/tensor_networks/classical_tempo_cavity/Markov_scan/g_5/mem_70","cavity_run.py",8:5h,running,0,0,0,"","","2020-07-17 10:45:41","2020-07-17 10:46:25","1970-01-01 01:00:00",""
2686765,"/home/niflheim/markas/TEMPO/defect-emission/tensor_networks/classical_tempo_cavity/Markov_scan/g_1/mem_5","cavity_run.py",8:5h,done,0,0,0,"","","2020-07-17 10:45:37","2020-07-17 10:46:25","2020-07-17 10:48:01",""
2686777,"/home/niflheim/markas/TEMPO/defect-emission/tensor_networks/classical_tempo_cavity/Markov_scan/g_5/mem_100","cavity_run.py",8:5h,running,0,0,0,"","","2020-07-17 10:45:42","2020-07-17 10:46:25","1970-01-01 01:00:00",""
2686788,"/home/niflheim/markas/TEMPO/defect-emission/tensor_networks/classical_tempo_cavity/Markov_scan/g_20/mem_30","cavity_run.py",8:5h,running,0,0,0,"","","2020-07-17 10:45:45","2020-07-17 10:46:26","1970-01-01 01:00:00",""
2686778,"/home/niflheim/markas/TEMPO/defect-emission/tensor_networks/classical_tempo_cavity/Markov_scan/g_10/mem_1","cavity_run.py",8:5h,done,0,0,0,"","","2020-07-17 10:45:42","2020-07-17 10:46:26","2020-07-17 10:46:44",""
2686766,"/home/niflheim/markas/TEMPO/defect-emission/tensor_networks/classical_tempo_cavity/Markov_scan/g_1/mem_10","cavity_run.py",8:5h,running,0,0,0,"","","2020-07-17 10:45:38","2020-07-17 10:46:25","1970-01-01 01:00:00",""
2686789,"/home/niflheim/markas/TEMPO/defect-emission/tensor_networks/classical_tempo_cavity/Markov_scan/g_20/mem_50","cavity_run.py",8:5h,running,0,0,0,"","","2020-07-17 10:45:46","2020-07-17 10:46:25","1970-01-01 01:00:00",""
2686757,"/home/niflheim/markas/TEMPO/defect-emission/tensor_networks/classical_tempo_cavity/Markov_scan/g_0.1/mem_1","cavity_run.py",8:5h,done,0,0,0,"","","2020-07-17 10:45:34","2020-07-17 10:46:25","2020-07-17 10:46:38",""
2686767,"/home/niflheim/markas/TEMPO/defect-emission/tensor_networks/classical_tempo_cavity/Markov_scan/g_1/mem_30","cavity_run.py",8:5h,running,0,0,0,"","","2020-07-17 10:45:38","2020-07-17 10:46:25","1970-01-01 01:00:00",""
2686758,"/home/niflheim/markas/TEMPO/defect-emission/tensor_networks/classical_tempo_cavity/Markov_scan/g_0.1/mem_5","cavity_run.py",8:5h,done,0,0,0,"","","2020-07-17 10:45:35","2020-07-17 10:46:25","2020-07-17 10:48:46",""
2686766,"/home/niflheim/markas/TEMPO/defect-emission/tensor_networks/classical_tempo_cavity/Markov_scan/g_1/mem_10","cavity_run.py",8:5h,done,0,0,0,"","","2020-07-17 10:45:38","2020-07-17 10:46:25","2020-07-17 10:49:47",""
2686794,"/home/niflheim/markas/TEMPO/defect-emission/tensor_networks/classical_tempo_cavity/Markov_scan/g_30/mem_10","cavity_run.py",8:5h,done,0,0,0,"","","2020-07-17 10:45:48","2020-07-17 10:47:25","2020-07-17 10:49:20",""
2686788,"/home/niflheim/markas/TEMPO/defect-emission/tensor_networks/classical_tempo_cavity/Markov_scan/g_20/mem_30","cavity_run.py",8:5h,done,0,0,0,"","","2020-07-17 10:45:45","2020-07-17 10:46:26","2020-07-17 10:55:55",""
2686774,"/home/niflheim/markas/TEMPO/defect-emission/tensor_networks/classical_tempo_cavity/Markov_scan/g_5/mem_30","cavity_run.py",8:5h,done,0,0,0,"","","2020-07-17 10:45:40","2020-07-17 10:46:26","2020-07-17 10:55:28",""
2686759,"/home/niflheim/markas/TEMPO/defect-emission/tensor_networks/classical_tempo_cavity/Markov_scan/g_0.1/mem_10","cavity_run.py",8:5h,done,0,0,0,"","","2020-07-17 10:45:35","2020-07-17 10:46:25","2020-07-17 10:52:27",""
2686795,"/home/niflheim/markas/TEMPO/defect-emission/tensor_networks/classical_tempo_cavity/Markov_scan/g_30/mem_30","cavity_run.py",8:5h,done,0,0,0,"","","2020-07-17 10:45:48","2020-07-17 10:47:25","2020-07-17 10:56:31",""
2686781,"/home/niflheim/markas/TEMPO/defect-emission/tensor_networks/classical_tempo_cavity/Markov_scan/g_10/mem_30","cavity_run.py",8:5h,done,0,0,0,"","","2020-07-17 10:45:43","2020-07-17 10:46:25","2020-07-17 10:55:17",""
2686789,"/home/niflheim/markas/TEMPO/defect-emission/tensor_networks/classical_tempo_cavity/Markov_scan/g_20/mem_50","cavity_run.py",8:5h,done,0,0,0,"","","2020-07-17 10:45:46","2020-07-17 10:46:25","2020-07-17 11:08:06",""
2686767,"/home/niflheim/markas/TEMPO/defect-emission/tensor_networks/classical_tempo_cavity/Markov_scan/g_1/mem_30","cavity_run.py",8:5h,done,0,0,0,"","","2020-07-17 10:45:38","2020-07-17 10:46:25","2020-07-17 11:03:06",""
2686782,"/home/niflheim/markas/TEMPO/defect-emission/tensor_networks/classical_tempo_cavity/Markov_scan/g_10/mem_50","cavity_run.py",8:5h,done,0,0,0,"","","2020-07-17 10:45:43","2020-07-17 10:46:25","2020-07-17 11:06:18",""
2686775,"/home/niflheim/markas/TEMPO/defect-emission/tensor_networks/classical_tempo_cavity/Markov_scan/g_5/mem_50","cavity_run.py",8:5h,done,0,0,0,"","","2020-07-17 10:45:40","2020-07-17 10:46:25","2020-07-17 11:06:49",""
2686796,"/home/niflheim/markas/TEMPO/defect-emission/tensor_networks/classical_tempo_cavity/Markov_scan/g_30/mem_50","cavity_run.py",8:5h,done,0,0,0,"","","2020-07-17 10:45:48","2020-07-17 10:47:25","2020-07-17 11:09:13",""
2686783,"/home/niflheim/markas/TEMPO/defect-emission/tensor_networks/classical_tempo_cavity/Markov_scan/g_10/mem_70","cavity_run.py",8:5h,done,0,0,0,"","","2020-07-17 10:45:43","2020-07-17 10:46:26","2020-07-17 11:21:33",""
2686760,"/home/niflheim/markas/TEMPO/defect-emission/tensor_networks/classical_tempo_cavity/Markov_scan/g_0.1/mem_30","cavity_run.py",8:5h,done,0,0,0,"","","2020-07-17 10:45:35","2020-07-17 10:46:25","2020-07-17 11:20:14",""
2686776,"/home/niflheim/markas/TEMPO/defect-emission/tensor_networks/classical_tempo_cavity/Markov_scan/g_5/mem_70","cavity_run.py",8:5h,done,0,0,0,"","","2020-07-17 10:45:41","2020-07-17 10:46:25","2020-07-17 11:21:48",""
2686768,"/home/niflheim/markas/TEMPO/defect-emission/tensor_networks/classical_tempo_cavity/Markov_scan/g_1/mem_50","cavity_run.py",8:5h,done,0,0,0,"","","2020-07-17 10:45:38","2020-07-17 10:46:25","2020-07-17 11:23:41",""
2686790,"/home/niflheim/markas/TEMPO/defect-emission/tensor_networks/classical_tempo_cavity/Markov_scan/g_20/mem_70","cavity_run.py",8:5h,done,0,0,0,"","","2020-07-17 10:45:46","2020-07-17 10:46:25","2020-07-17 11:25:02",""
2686797,"/home/niflheim/markas/TEMPO/defect-emission/tensor_networks/classical_tempo_cavity/Markov_scan/g_30/mem_70","cavity_run.py",8:5h,done,0,0,0,"","","2020-07-17 10:45:48","2020-07-17 10:48:25","2020-07-17 11:27:00",""
2686777,"/home/niflheim/markas/TEMPO/defect-emission/tensor_networks/classical_tempo_cavity/Markov_scan/g_5/mem_100","cavity_run.py",8:5h,done,0,0,0,"","","2020-07-17 10:45:42","2020-07-17 10:46:25","2020-07-17 11:55:13",""
2686784,"/home/niflheim/markas/TEMPO/defect-emission/tensor_networks/classical_tempo_cavity/Markov_scan/g_10/mem_100","cavity_run.py",8:5h,done,0,0,0,"","","2020-07-17 10:45:44","2020-07-17 10:46:26","2020-07-17 11:51:08",""
2686769,"/home/niflheim/markas/TEMPO/defect-emission/tensor_networks/classical_tempo_cavity/Markov_scan/g_1/mem_70","cavity_run.py",8:5h,done,0,0,0,"","","2020-07-17 10:45:39","2020-07-17 10:46:25","2020-07-17 11:51:50",""
2686798,"/home/niflheim/markas/TEMPO/defect-emission/tensor_networks/classical_tempo_cavity/Markov_scan/g_30/mem_100","cavity_run.py",8:5h,done,0,0,0,"","","2020-07-17 10:45:49","2020-07-17 10:48:25","2020-07-17 11:57:04",""
2686761,"/home/niflheim/markas/TEMPO/defect-emission/tensor_networks/classical_tempo_cavity/Markov_scan/g_0.1/mem_50","cavity_run.py",8:5h,done,0,0,0,"","","2020-07-17 10:45:36","2020-07-17 10:46:25","2020-07-17 12:08:25",""
2686791,"/home/niflheim/markas/TEMPO/defect-emission/tensor_networks/classical_tempo_cavity/Markov_scan/g_20/mem_100","cavity_run.py",8:5h,done,0,0,0,"","","2020-07-17 10:45:47","2020-07-17 10:46:25","2020-07-17 12:00:19",""
2686770,"/home/niflheim/markas/TEMPO/defect-emission/tensor_networks/classical_tempo_cavity/Markov_scan/g_1/mem_100","cavity_run.py",8:5h,done,0,0,0,"","","2020-07-17 10:45:39","2020-07-17 10:46:25","2020-07-17 13:00:28",""
2686762,"/home/niflheim/markas/TEMPO/defect-emission/tensor_networks/classical_tempo_cavity/Markov_scan/g_0.1/mem_70","cavity_run.py",8:5h,done,0,0,0,"","","2020-07-17 10:45:36","2020-07-17 10:46:26","2020-07-17 13:14:28",""
2686763,"/home/niflheim/markas/TEMPO/defect-emission/tensor_networks/classical_tempo_cavity/Markov_scan/g_0.1/mem_100","cavity_run.py",8:5h,done,0,0,0,"","","2020-07-17 10:45:37","2020-07-17 10:46:25","2020-07-17 14:39:57",""
